GSM04740104696;PSBC;000000000;;K;;KSSK;DEI;KON6;"Over på norden pris; ref SalesForce";Y;ANOL1727;N
GSM04740065078;PSBC;000000000;;K;;KSSK;DEI;KON6;"Over på norden pris; ref SalesForce";Y;ANOL1727;N
GSM04799438434;PSBC;000000000;;K;;KSSK;DEI;KON6;"Over på norden pris; ref SalesForce";Y;ANOL1727;N
GSM04745257230;PSBC;000000000;;K;;KSSK;DEI;KON6;"Over på norden pris; ref SalesForce";Y;ANOL1727;N
GSM04790595341;PSBC;000000000;;K;;KSSK;DEI;KON6;"Over på norden pris; ref SalesForce";Y;ANOL1727;N
GSM04790607558;PSBC;000000000;;K;;KSSK;DEI;KON6;"Over på norden pris; ref SalesForce";Y;ANOL1727;N
GSM04791853393;PSBC;000000000;;K;;KSSK;DEI;KON6;"Over på norden pris; ref SalesForce";Y;ANOL1727;N
GSM04791869874;PSBC;000000000;;K;;KSSK;DEI;KON6;"Over på norden pris; ref SalesForce";Y;ANOL1727;N
GSM04792016664;PSBC;000000000;;K;;KSSK;DEI;KON6;"Over på norden pris; ref SalesForce";Y;ANOL1727;N
GSM04792488182;PSBC;000000000;;K;;KSSK;DEI;KON6;"Over på norden pris; ref SalesForce";Y;ANOL1727;N
GSM04793218297;PSBC;000000000;;K;;KSSK;DEI;KON6;"Over på norden pris; ref SalesForce";Y;ANOL1727;N
GSM04793440622;PSBC;000000000;;K;;KSSK;DEI;KON6;"Over på norden pris; ref SalesForce";Y;ANOL1727;N
GSM04795005558;PSBC;000000000;;K;;KSSK;DEI;KON6;"Over på norden pris; ref SalesForce";Y;ANOL1727;N
GSM04795144636;PSBC;000000000;;K;;KSSK;DEI;KON6;"Over på norden pris; ref SalesForce";Y;ANOL1727;N
GSM04797097409;PSBC;000000000;;K;;KSSK;DEI;KON6;"Over på norden pris; ref SalesForce";Y;ANOL1727;N
GSM04797577785;PSBC;000000000;;K;;KSSK;DEI;KON6;"Over på norden pris; ref SalesForce";Y;ANOL1727;N
GSM04741615218;PSBC;000000000;;K;;KSSK;DEI;KON6;"Over på norden pris; ref SalesForce";Y;ANOL1727;N
GSM04798017256;PSBC;000000000;;K;;KSSK;DEI;KON6;"Over på norden pris; ref SalesForce";Y;ANOL1727;N
GSM04798216668;PSBC;000000000;;K;;KSSK;DEI;KON6;"Over på norden pris; ref SalesForce";Y;ANOL1727;N
GSM04798242278;PSBC;000000000;;K;;KSSK;DEI;KON6;"Over på norden pris; ref SalesForce";Y;ANOL1727;N
GSM04798257519;PSBC;000000000;;K;;KSSK;DEI;KON6;"Over på norden pris; ref SalesForce";Y;ANOL1727;N
GSM04798455953;PSBC;000000000;;K;;KSSK;DEI;KON6;"Over på norden pris; ref SalesForce";Y;ANOL1727;N
GSM04799363319;PSBC;000000000;;K;;KSSK;DEI;KON6;"Over på norden pris; ref SalesForce";Y;ANOL1727;N
GSM04740606083;PSBC;000000000;;K;;KSSK;DEI;KON6;"Over på norden pris; ref SalesForce";Y;ANOL1727;N
GSM04740632235;PSBC;000000000;;K;;KSSK;DEI;KON6;"Over på norden pris; ref SalesForce";Y;ANOL1727;N
GSM04740854269;PSBC;000000000;;K;;KSSK;DEI;KON6;"Over på norden pris; ref SalesForce";Y;ANOL1727;N
GSM04741025100;PSBC;000000000;;K;;KSSK;DEI;KON6;"Over på norden pris; ref SalesForce";Y;ANOL1727;N
GSM04741652215;PSBC;000000000;;K;;KSSK;DEI;KON6;"Over på norden pris; ref SalesForce";Y;ANOL1727;N
GSM04741753707;PSBC;000000000;;K;;KSSK;DEI;KON6;"Over på norden pris; ref SalesForce";Y;ANOL1727;N
GSM04745247978;PSBC;000000000;;K;;KSSK;DEI;KON6;"Over på norden pris; ref SalesForce";Y;ANOL1727;N
GSM04745264193;PSBC;000000000;;K;;KSSK;DEI;KON6;"Over på norden pris; ref SalesForce";Y;ANOL1727;N
GSM04745269266;PSBC;000000000;;K;;KSSK;DEI;KON6;"Over på norden pris; ref SalesForce";Y;ANOL1727;N
GSM04746509625;PSBC;000000000;;K;;KSSK;DEI;KON6;"Over på norden pris; ref SalesForce";Y;ANOL1727;N
GSM04746627270;PSBC;000000000;;K;;KSSK;DEI;KON6;"Over på norden pris; ref SalesForce";Y;ANOL1727;N
GSM04746957839;PSBC;000000000;;K;;KSSK;DEI;KON6;"Over på norden pris; ref SalesForce";Y;ANOL1727;N
GSM04747015674;PSBC;000000000;;K;;KSSK;DEI;KON6;"Over på norden pris; ref SalesForce";Y;ANOL1727;N
GSM04790123517;PSBC;000000000;;K;;KSSK;DEI;KON6;"Over på norden pris; ref SalesForce";Y;ANOL1727;N
GSM04790768996;PSBC;000000000;;K;;KSSK;DEI;KON6;"Over på norden pris; ref SalesForce";Y;ANOL1727;N
GSM04790918650;PSBC;000000000;;K;;KSSK;DEI;KON6;"Over på norden pris; ref SalesForce";Y;ANOL1727;N
GSM04791346425;PSBC;000000000;;K;;KSSK;DEI;KON6;"Over på norden pris; ref SalesForce";Y;ANOL1727;N
GSM04791392023;PSBC;000000000;;K;;KSSK;DEI;KON6;"Over på norden pris; ref SalesForce";Y;ANOL1727;N
GSM04791737766;PSBC;000000000;;K;;KSSK;DEI;KON6;"Over på norden pris; ref SalesForce";Y;ANOL1727;N
GSM04791812429;PSBC;000000000;;K;;KSSK;DEI;KON6;"Over på norden pris; ref SalesForce";Y;ANOL1727;N
GSM04792057164;PSBC;000000000;;K;;KSSK;DEI;KON6;"Over på norden pris; ref SalesForce";Y;ANOL1727;N
GSM04792207083;PSBC;000000000;;K;;KSSK;DEI;KON6;"Over på norden pris; ref SalesForce";Y;ANOL1727;N
GSM04792226762;PSBC;000000000;;K;;KSSK;DEI;KON6;"Over på norden pris; ref SalesForce";Y;ANOL1727;N
GSM04792228805;PSBC;000000000;;K;;KSSK;DEI;KON6;"Over på norden pris; ref SalesForce";Y;ANOL1727;N
GSM04792412305;PSBC;000000000;;K;;KSSK;DEI;KON6;"Over på norden pris; ref SalesForce";Y;ANOL1727;N
GSM04792418815;PSBC;000000000;;K;;KSSK;DEI;KON6;"Over på norden pris; ref SalesForce";Y;ANOL1727;N
GSM04792605054;PSBC;000000000;;K;;KSSK;DEI;KON6;"Over på norden pris; ref SalesForce";Y;ANOL1727;N
GSM04792647314;PSBC;000000000;;K;;KSSK;DEI;KON6;"Over på norden pris; ref SalesForce";Y;ANOL1727;N
GSM04793009716;PSBC;000000000;;K;;KSSK;DEI;KON6;"Over på norden pris; ref SalesForce";Y;ANOL1727;N
GSM04793033086;PSBC;000000000;;K;;KSSK;DEI;KON6;"Over på norden pris; ref SalesForce";Y;ANOL1727;N
GSM04793035473;PSBC;000000000;;K;;KSSK;DEI;KON6;"Over på norden pris; ref SalesForce";Y;ANOL1727;N
GSM04793091111;PSBC;000000000;;K;;KSSK;DEI;KON6;"Over på norden pris; ref SalesForce";Y;ANOL1727;N
GSM04793092874;PSBC;000000000;;K;;KSSK;DEI;KON6;"Over på norden pris; ref SalesForce";Y;ANOL1727;N
GSM04793404144;PSBC;000000000;;K;;KSSK;DEI;KON6;"Over på norden pris; ref SalesForce";Y;ANOL1727;N
GSM04793428705;PSBC;000000000;;K;;KSSK;DEI;KON6;"Over på norden pris; ref SalesForce";Y;ANOL1727;N
GSM04793457285;PSBC;000000000;;K;;KSSK;DEI;KON6;"Over på norden pris; ref SalesForce";Y;ANOL1727;N
GSM04793466433;PSBC;000000000;;K;;KSSK;DEI;KON6;"Over på norden pris; ref SalesForce";Y;ANOL1727;N
GSM04793480340;PSBC;000000000;;K;;KSSK;DEI;KON6;"Over på norden pris; ref SalesForce";Y;ANOL1727;N
GSM04794478416;PSBC;000000000;;K;;KSSK;DEI;KON6;"Over på norden pris; ref SalesForce";Y;ANOL1727;N
GSM04795018683;PSBC;000000000;;K;;KSSK;DEI;KON6;"Over på norden pris; ref SalesForce";Y;ANOL1727;N
GSM04795709111;PSBC;000000000;;K;;KSSK;DEI;KON6;"Over på norden pris; ref SalesForce";Y;ANOL1727;N
GSM04797163579;PSBC;000000000;;K;;KSSK;DEI;KON6;"Over på norden pris; ref SalesForce";Y;ANOL1727;N
GSM04797605129;PSBC;000000000;;K;;KSSK;DEI;KON6;"Over på norden pris; ref SalesForce";Y;ANOL1727;N
GSM04797605353;PSBC;000000000;;K;;KSSK;DEI;KON6;"Over på norden pris; ref SalesForce";Y;ANOL1727;N
GSM04797688549;PSBC;000000000;;K;;KSSK;DEI;KON6;"Over på norden pris; ref SalesForce";Y;ANOL1727;N
GSM04740249488;PSBC;000000000;;K;;KSSK;DEI;KON6;"Over på norden pris; ref SalesForce";Y;ANOL1727;N
GSM04799625145;PSBC;000000000;;K;;KSSK;DEI;KON6;"Over på norden pris; ref SalesForce";Y;ANOL1727;N
GSM04741660068;PSBC;000000000;;K;;KSSK;DEI;KON6;"Over på norden pris; ref SalesForce";Y;ANOL1727;N
GSM04745223699;PSBC;000000000;;K;;KSSK;DEI;KON6;"Over på norden pris; ref SalesForce";Y;ANOL1727;N
GSM04745412540;PSBC;000000000;;K;;KSSK;DEI;KON6;"Over på norden pris; ref SalesForce";Y;ANOL1727;N
GSM04790021677;PSBC;000000000;;K;;KSSK;DEI;KON6;"Over på norden pris; ref SalesForce";Y;ANOL1727;N
GSM04790105098;PSBC;000000000;;K;;KSSK;DEI;KON6;"Over på norden pris; ref SalesForce";Y;ANOL1727;N
GSM04790615716;PSBC;000000000;;K;;KSSK;DEI;KON6;"Over på norden pris; ref SalesForce";Y;ANOL1727;N
GSM04791181226;PSBC;000000000;;K;;KSSK;DEI;KON6;"Over på norden pris; ref SalesForce";Y;ANOL1727;N
GSM04791358576;PSBC;000000000;;K;;KSSK;DEI;KON6;"Over på norden pris; ref SalesForce";Y;ANOL1727;N
GSM04791589986;PSBC;000000000;;K;;KSSK;DEI;KON6;"Over på norden pris; ref SalesForce";Y;ANOL1727;N
GSM04791632997;PSBC;000000000;;K;;KSSK;DEI;KON6;"Over på norden pris; ref SalesForce";Y;ANOL1727;N
GSM04791711418;PSBC;000000000;;K;;KSSK;DEI;KON6;"Over på norden pris; ref SalesForce";Y;ANOL1727;N
GSM04791737242;PSBC;000000000;;K;;KSSK;DEI;KON6;"Over på norden pris; ref SalesForce";Y;ANOL1727;N
GSM04791863613;PSBC;000000000;;K;;KSSK;DEI;KON6;"Over på norden pris; ref SalesForce";Y;ANOL1727;N
GSM04791880401;PSBC;000000000;;K;;KSSK;DEI;KON6;"Over på norden pris; ref SalesForce";Y;ANOL1727;N
GSM04792611460;PSBC;000000000;;K;;KSSK;DEI;KON6;"Over på norden pris; ref SalesForce";Y;ANOL1727;N
GSM04792803472;PSBC;000000000;;K;;KSSK;DEI;KON6;"Over på norden pris; ref SalesForce";Y;ANOL1727;N
GSM04792829626;PSBC;000000000;;K;;KSSK;DEI;KON6;"Over på norden pris; ref SalesForce";Y;ANOL1727;N
GSM04792859088;PSBC;000000000;;K;;KSSK;DEI;KON6;"Over på norden pris; ref SalesForce";Y;ANOL1727;N
GSM04792882111;PSBC;000000000;;K;;KSSK;DEI;KON6;"Over på norden pris; ref SalesForce";Y;ANOL1727;N
GSM04793056611;PSBC;000000000;;K;;KSSK;DEI;KON6;"Over på norden pris; ref SalesForce";Y;ANOL1727;N
GSM04795073076;PSBC;000000000;;K;;KSSK;DEI;KON6;"Over på norden pris; ref SalesForce";Y;ANOL1727;N
GSM04795073717;PSBC;000000000;;K;;KSSK;DEI;KON6;"Over på norden pris; ref SalesForce";Y;ANOL1727;N
GSM04795205945;PSBC;000000000;;K;;KSSK;DEI;KON6;"Over på norden pris; ref SalesForce";Y;ANOL1727;N
GSM04795988739;PSBC;000000000;;K;;KSSK;DEI;KON6;"Over på norden pris; ref SalesForce";Y;ANOL1727;N
GSM04799351735;PSBC;000000000;;K;;KSSK;DEI;KON6;"Over på norden pris; ref SalesForce";Y;ANOL1727;N
GSM04799384632;PSBC;000000000;;K;;KSSK;DEI;KON6;"Over på norden pris; ref SalesForce";Y;ANOL1727;N
GSM04741504223;PSBC;000000000;;K;;KSSK;DEI;KON6;"Over på norden pris; ref SalesForce";Y;ANOL1727;N
GSM04740070974;PSBC;000000000;;K;;KSSK;DEI;KON6;"Over på norden pris; ref SalesForce";Y;ANOL1727;N
GSM04740469838;PSBC;000000000;;K;;KSSK;DEI;KON6;"Over på norden pris; ref SalesForce";Y;ANOL1727;N
GSM04740723543;PSBC;000000000;;K;;KSSK;DEI;KON6;"Over på norden pris; ref SalesForce";Y;ANOL1727;N
GSM04741459590;PSBC;000000000;;K;;KSSK;DEI;KON6;"Over på norden pris; ref SalesForce";Y;ANOL1727;N
GSM04741539789;PSBC;000000000;;K;;KSSK;DEI;KON6;"Over på norden pris; ref SalesForce";Y;ANOL1727;N
GSM04741606455;PSBC;000000000;;K;;KSSK;DEI;KON6;"Over på norden pris; ref SalesForce";Y;ANOL1727;N
GSM04741682654;PSBC;000000000;;K;;KSSK;DEI;KON6;"Over på norden pris; ref SalesForce";Y;ANOL1727;N
GSM04741850000;PSBC;000000000;;K;;KSSK;DEI;KON6;"Over på norden pris; ref SalesForce";Y;ANOL1727;N
GSM04745470885;PSBC;000000000;;K;;KSSK;DEI;KON6;"Over på norden pris; ref SalesForce";Y;ANOL1727;N
GSM04745481277;PSBC;000000000;;K;;KSSK;DEI;KON6;"Over på norden pris; ref SalesForce";Y;ANOL1727;N
GSM04745485073;PSBC;000000000;;K;;KSSK;DEI;KON6;"Over på norden pris; ref SalesForce";Y;ANOL1727;N
GSM04745501036;PSBC;000000000;;K;;KSSK;DEI;KON6;"Over på norden pris; ref SalesForce";Y;ANOL1727;N
GSM04745884539;PSBC;000000000;;K;;KSSK;DEI;KON6;"Over på norden pris; ref SalesForce";Y;ANOL1727;N
GSM04746418340;PSBC;000000000;;K;;KSSK;DEI;KON6;"Over på norden pris; ref SalesForce";Y;ANOL1727;N
GSM04746611922;PSBC;000000000;;K;;KSSK;DEI;KON6;"Over på norden pris; ref SalesForce";Y;ANOL1727;N
GSM04746668394;PSBC;000000000;;K;;KSSK;DEI;KON6;"Over på norden pris; ref SalesForce";Y;ANOL1727;N
GSM04747360978;PSBC;000000000;;K;;KSSK;DEI;KON6;"Over på norden pris; ref SalesForce";Y;ANOL1727;N
GSM04748000664;PSBC;000000000;;K;;KSSK;DEI;KON6;"Over på norden pris; ref SalesForce";Y;ANOL1727;N
GSM04748037051;PSBC;000000000;;K;;KSSK;DEI;KON6;"Over på norden pris; ref SalesForce";Y;ANOL1727;N
GSM04748100392;PSBC;000000000;;K;;KSSK;DEI;KON6;"Over på norden pris; ref SalesForce";Y;ANOL1727;N
GSM04748136888;PSBC;000000000;;K;;KSSK;DEI;KON6;"Over på norden pris; ref SalesForce";Y;ANOL1727;N
GSM04748175194;PSBC;000000000;;K;;KSSK;DEI;KON6;"Over på norden pris; ref SalesForce";Y;ANOL1727;N
GSM04748245176;PSBC;000000000;;K;;KSSK;DEI;KON6;"Over på norden pris; ref SalesForce";Y;ANOL1727;N
GSM04790035036;PSBC;000000000;;K;;KSSK;DEI;KON6;"Over på norden pris; ref SalesForce";Y;ANOL1727;N
GSM04790077167;PSBC;000000000;;K;;KSSK;DEI;KON6;"Over på norden pris; ref SalesForce";Y;ANOL1727;N
GSM04790086954;PSBC;000000000;;K;;KSSK;DEI;KON6;"Over på norden pris; ref SalesForce";Y;ANOL1727;N
GSM04790141621;PSBC;000000000;;K;;KSSK;DEI;KON6;"Over på norden pris; ref SalesForce";Y;ANOL1727;N
GSM04790500120;PSBC;000000000;;K;;KSSK;DEI;KON6;"Over på norden pris; ref SalesForce";Y;ANOL1727;N
GSM04790665828;PSBC;000000000;;K;;KSSK;DEI;KON6;"Over på norden pris; ref SalesForce";Y;ANOL1727;N
GSM04790767200;PSBC;000000000;;K;;KSSK;DEI;KON6;"Over på norden pris; ref SalesForce";Y;ANOL1727;N
GSM04790930779;PSBC;000000000;;K;;KSSK;DEI;KON6;"Over på norden pris; ref SalesForce";Y;ANOL1727;N
GSM04790977205;PSBC;000000000;;K;;KSSK;DEI;KON6;"Over på norden pris; ref SalesForce";Y;ANOL1727;N
GSM04790998031;PSBC;000000000;;K;;KSSK;DEI;KON6;"Over på norden pris; ref SalesForce";Y;ANOL1727;N
GSM04791002124;PSBC;000000000;;K;;KSSK;DEI;KON6;"Over på norden pris; ref SalesForce";Y;ANOL1727;N
GSM04791517107;PSBC;000000000;;K;;KSSK;DEI;KON6;"Over på norden pris; ref SalesForce";Y;ANOL1727;N
GSM04791588405;PSBC;000000000;;K;;KSSK;DEI;KON6;"Over på norden pris; ref SalesForce";Y;ANOL1727;N
GSM04791604217;PSBC;000000000;;K;;KSSK;DEI;KON6;"Over på norden pris; ref SalesForce";Y;ANOL1727;N
GSM04791605084;PSBC;000000000;;K;;KSSK;DEI;KON6;"Over på norden pris; ref SalesForce";Y;ANOL1727;N
GSM04791655555;PSBC;000000000;;K;;KSSK;DEI;KON6;"Over på norden pris; ref SalesForce";Y;ANOL1727;N
GSM04791759701;PSBC;000000000;;K;;KSSK;DEI;KON6;"Over på norden pris; ref SalesForce";Y;ANOL1727;N
GSM04792012092;PSBC;000000000;;K;;KSSK;DEI;KON6;"Over på norden pris; ref SalesForce";Y;ANOL1727;N
GSM04792043382;PSBC;000000000;;K;;KSSK;DEI;KON6;"Over på norden pris; ref SalesForce";Y;ANOL1727;N
GSM04792080156;PSBC;000000000;;K;;KSSK;DEI;KON6;"Over på norden pris; ref SalesForce";Y;ANOL1727;N
GSM04792233032;PSBC;000000000;;K;;KSSK;DEI;KON6;"Over på norden pris; ref SalesForce";Y;ANOL1727;N
GSM04792261073;PSBC;000000000;;K;;KSSK;DEI;KON6;"Over på norden pris; ref SalesForce";Y;ANOL1727;N
GSM04792431171;PSBC;000000000;;K;;KSSK;DEI;KON6;"Over på norden pris; ref SalesForce";Y;ANOL1727;N
GSM04792444624;PSBC;000000000;;K;;KSSK;DEI;KON6;"Over på norden pris; ref SalesForce";Y;ANOL1727;N
GSM04792607252;PSBC;000000000;;K;;KSSK;DEI;KON6;"Over på norden pris; ref SalesForce";Y;ANOL1727;N
GSM04793017223;PSBC;000000000;;K;;KSSK;DEI;KON6;"Over på norden pris; ref SalesForce";Y;ANOL1727;N
GSM04793033372;PSBC;000000000;;K;;KSSK;DEI;KON6;"Over på norden pris; ref SalesForce";Y;ANOL1727;N
GSM04793235144;PSBC;000000000;;K;;KSSK;DEI;KON6;"Over på norden pris; ref SalesForce";Y;ANOL1727;N
GSM04793248241;PSBC;000000000;;K;;KSSK;DEI;KON6;"Over på norden pris; ref SalesForce";Y;ANOL1727;N
GSM04793248335;PSBC;000000000;;K;;KSSK;DEI;KON6;"Over på norden pris; ref SalesForce";Y;ANOL1727;N
GSM04793255054;PSBC;000000000;;K;;KSSK;DEI;KON6;"Over på norden pris; ref SalesForce";Y;ANOL1727;N
GSM04793403760;PSBC;000000000;;K;;KSSK;DEI;KON6;"Over på norden pris; ref SalesForce";Y;ANOL1727;N
GSM04793437235;PSBC;000000000;;K;;KSSK;DEI;KON6;"Over på norden pris; ref SalesForce";Y;ANOL1727;N
GSM04793450550;PSBC;000000000;;K;;KSSK;DEI;KON6;"Over på norden pris; ref SalesForce";Y;ANOL1727;N
GSM04793699998;PSBC;000000000;;K;;KSSK;DEI;KON6;"Over på norden pris; ref SalesForce";Y;ANOL1727;N
GSM04793860988;PSBC;000000000;;K;;KSSK;DEI;KON6;"Over på norden pris; ref SalesForce";Y;ANOL1727;N
GSM04795054844;PSBC;000000000;;K;;KSSK;DEI;KON6;"Over på norden pris; ref SalesForce";Y;ANOL1727;N
GSM04795068655;PSBC;000000000;;K;;KSSK;DEI;KON6;"Over på norden pris; ref SalesForce";Y;ANOL1727;N
GSM04795197322;PSBC;000000000;;K;;KSSK;DEI;KON6;"Over på norden pris; ref SalesForce";Y;ANOL1727;N
GSM04795220742;PSBC;000000000;;K;;KSSK;DEI;KON6;"Over på norden pris; ref SalesForce";Y;ANOL1727;N
GSM04795248342;PSBC;000000000;;K;;KSSK;DEI;KON6;"Over på norden pris; ref SalesForce";Y;ANOL1727;N
GSM04795284360;PSBC;000000000;;K;;KSSK;DEI;KON6;"Over på norden pris; ref SalesForce";Y;ANOL1727;N
GSM04795759065;PSBC;000000000;;K;;KSSK;DEI;KON6;"Over på norden pris; ref SalesForce";Y;ANOL1727;N
GSM04795785022;PSBC;000000000;;K;;KSSK;DEI;KON6;"Over på norden pris; ref SalesForce";Y;ANOL1727;N
GSM04795828868;PSBC;000000000;;K;;KSSK;DEI;KON6;"Over på norden pris; ref SalesForce";Y;ANOL1727;N
GSM04795840145;PSBC;000000000;;K;;KSSK;DEI;KON6;"Over på norden pris; ref SalesForce";Y;ANOL1727;N
GSM04795859196;PSBC;000000000;;K;;KSSK;DEI;KON6;"Over på norden pris; ref SalesForce";Y;ANOL1727;N
GSM04795925674;PSBC;000000000;;K;;KSSK;DEI;KON6;"Over på norden pris; ref SalesForce";Y;ANOL1727;N
GSM04797079756;PSBC;000000000;;K;;KSSK;DEI;KON6;"Over på norden pris; ref SalesForce";Y;ANOL1727;N
GSM04797125882;PSBC;000000000;;K;;KSSK;DEI;KON6;"Over på norden pris; ref SalesForce";Y;ANOL1727;N
GSM04797152692;PSBC;000000000;;K;;KSSK;DEI;KON6;"Over på norden pris; ref SalesForce";Y;ANOL1727;N
GSM04797407125;PSBC;000000000;;K;;KSSK;DEI;KON6;"Over på norden pris; ref SalesForce";Y;ANOL1727;N
GSM04797422072;PSBC;000000000;;K;;KSSK;DEI;KON6;"Over på norden pris; ref SalesForce";Y;ANOL1727;N
GSM04797507604;PSBC;000000000;;K;;KSSK;DEI;KON6;"Over på norden pris; ref SalesForce";Y;ANOL1727;N
GSM04797593968;PSBC;000000000;;K;;KSSK;DEI;KON6;"Over på norden pris; ref SalesForce";Y;ANOL1727;N
GSM04797827873;PSBC;000000000;;K;;KSSK;DEI;KON6;"Over på norden pris; ref SalesForce";Y;ANOL1727;N
GSM04798228438;PSBC;000000000;;K;;KSSK;DEI;KON6;"Over på norden pris; ref SalesForce";Y;ANOL1727;N
GSM04798690920;PSBC;000000000;;K;;KSSK;DEI;KON6;"Over på norden pris; ref SalesForce";Y;ANOL1727;N
GSM04798830793;PSBC;000000000;;K;;KSSK;DEI;KON6;"Over på norden pris; ref SalesForce";Y;ANOL1727;N
GSM04799396399;PSBC;000000000;;K;;KSSK;DEI;KON6;"Over på norden pris; ref SalesForce";Y;ANOL1727;N
GSM04799535887;PSBC;000000000;;K;;KSSK;DEI;KON6;"Over på norden pris; ref SalesForce";Y;ANOL1727;N
GSM04799636363;PSBC;000000000;;K;;KSSK;DEI;KON6;"Over på norden pris; ref SalesForce";Y;ANOL1727;N
GSM04799648599;PSBC;000000000;;K;;KSSK;DEI;KON6;"Over på norden pris; ref SalesForce";Y;ANOL1727;N
GSM04740100666;PSBC;000000000;;K;;KSSK;DEI;KON6;"Over på norden pris; ref SalesForce";Y;ANOL1727;N
GSM04793881814;PSBC;000000000;;K;;KSSK;DEI;KON6;"Over på norden pris; ref SalesForce";Y;ANOL1727;N
GSM04747856098;PSBC;000000000;;K;;KSSK;DEI;KON6;"Over på norden pris; ref SalesForce";Y;ANOL1727;N
GSM04790750906;PSBC;000000000;;K;;KSSK;DEI;KON6;"Over på norden pris; ref SalesForce";Y;ANOL1727;N
GSM04790786090;PSBC;000000000;;K;;KSSK;DEI;KON6;"Over på norden pris; ref SalesForce";Y;ANOL1727;N
GSM04790892283;PSBC;000000000;;K;;KSSK;DEI;KON6;"Over på norden pris; ref SalesForce";Y;ANOL1727;N
GSM04790927359;PSBC;000000000;;K;;KSSK;DEI;KON6;"Over på norden pris; ref SalesForce";Y;ANOL1727;N
GSM04791842749;PSBC;000000000;;K;;KSSK;DEI;KON6;"Over på norden pris; ref SalesForce";Y;ANOL1727;N
GSM04792263110;PSBC;000000000;;K;;KSSK;DEI;KON6;"Over på norden pris; ref SalesForce";Y;ANOL1727;N
GSM04792459717;PSBC;000000000;;K;;KSSK;DEI;KON6;"Over på norden pris; ref SalesForce";Y;ANOL1727;N
GSM04792479927;PSBC;000000000;;K;;KSSK;DEI;KON6;"Over på norden pris; ref SalesForce";Y;ANOL1727;N
GSM04792483293;PSBC;000000000;;K;;KSSK;DEI;KON6;"Over på norden pris; ref SalesForce";Y;ANOL1727;N
GSM04792639400;PSBC;000000000;;K;;KSSK;DEI;KON6;"Over på norden pris; ref SalesForce";Y;ANOL1727;N
GSM04793406227;PSBC;000000000;;K;;KSSK;DEI;KON6;"Over på norden pris; ref SalesForce";Y;ANOL1727;N
GSM04793406552;PSBC;000000000;;K;;KSSK;DEI;KON6;"Over på norden pris; ref SalesForce";Y;ANOL1727;N
GSM04793439266;PSBC;000000000;;K;;KSSK;DEI;KON6;"Over på norden pris; ref SalesForce";Y;ANOL1727;N
GSM04745287435;PSBC;000000000;;K;;KSSK;DEI;KON6;"Over på norden pris; ref SalesForce";Y;ANOL1727;N
GSM04792608009;PSBC;000000000;;K;;KSSK;DEI;KON6;"Over på norden pris; ref SalesForce";Y;ANOL1727;N
GSM04790957357;PSBC;000000000;;K;;KSSK;DEI;KON6;"Over på norden pris; ref SalesForce";Y;ANOL1727;N
GSM04741508455;PSBC;000000000;;K;;KSSK;DEI;KON6;"Over på norden pris; ref SalesForce";Y;ANOL1727;N
GSM04745247338;PSBC;000000000;;K;;KSSK;DEI;KON6;"Over på norden pris; ref SalesForce";Y;ANOL1727;N
GSM04745270934;PSBC;000000000;;K;;KSSK;DEI;KON6;"Over på norden pris; ref SalesForce";Y;ANOL1727;N
GSM04745402309;PSBC;000000000;;K;;KSSK;DEI;KON6;"Over på norden pris; ref SalesForce";Y;ANOL1727;N
GSM04745480469;PSBC;000000000;;K;;KSSK;DEI;KON6;"Over på norden pris; ref SalesForce";Y;ANOL1727;N
GSM04746446908;PSBC;000000000;;K;;KSSK;DEI;KON6;"Over på norden pris; ref SalesForce";Y;ANOL1727;N
GSM04746503559;PSBC;000000000;;K;;KSSK;DEI;KON6;"Over på norden pris; ref SalesForce";Y;ANOL1727;N
GSM04747466363;PSBC;000000000;;K;;KSSK;DEI;KON6;"Over på norden pris; ref SalesForce";Y;ANOL1727;N
GSM04748018038;PSBC;000000000;;K;;KSSK;DEI;KON6;"Over på norden pris; ref SalesForce";Y;ANOL1727;N
GSM04798062525;PSBC;000000000;;K;;KSSK;DEI;KON6;"Over på norden pris; ref SalesForce";Y;ANOL1727;N
GSM04790725659;PSBC;000000000;;K;;KSSK;DEI;KON6;"Over på norden pris; ref SalesForce";Y;ANOL1727;N
GSM04791331899;PSBC;000000000;;K;;KSSK;DEI;KON6;"Over på norden pris; ref SalesForce";Y;ANOL1727;N
GSM04792024308;PSBC;000000000;;K;;KSSK;DEI;KON6;"Over på norden pris; ref SalesForce";Y;ANOL1727;N
GSM04792822112;PSBC;000000000;;K;;KSSK;DEI;KON6;"Over på norden pris; ref SalesForce";Y;ANOL1727;N
GSM04792822393;PSBC;000000000;;K;;KSSK;DEI;KON6;"Over på norden pris; ref SalesForce";Y;ANOL1727;N
GSM04793876648;PSBC;000000000;;K;;KSSK;DEI;KON6;"Over på norden pris; ref SalesForce";Y;ANOL1727;N
GSM04795065085;PSBC;000000000;;K;;KSSK;DEI;KON6;"Over på norden pris; ref SalesForce";Y;ANOL1727;N
GSM04795179402;PSBC;000000000;;K;;KSSK;DEI;KON6;"Over på norden pris; ref SalesForce";Y;ANOL1727;N
GSM04795781323;PSBC;000000000;;K;;KSSK;DEI;KON6;"Over på norden pris; ref SalesForce";Y;ANOL1727;N
GSM04795974326;PSBC;000000000;;K;;KSSK;DEI;KON6;"Over på norden pris; ref SalesForce";Y;ANOL1727;N
GSM04795988688;PSBC;000000000;;K;;KSSK;DEI;KON6;"Over på norden pris; ref SalesForce";Y;ANOL1727;N
GSM04797578556;PSBC;000000000;;K;;KSSK;DEI;KON6;"Over på norden pris; ref SalesForce";Y;ANOL1727;N
GSM04741477011;PSBC;000000000;;K;;KSSK;DEI;KON6;"Over på norden pris; ref SalesForce";Y;ANOL1727;N
GSM04740040061;PSBC;000000000;;K;;KSSK;DEI;KON6;"Over på norden pris; ref SalesForce";Y;ANOL1727;N
GSM04790096974;PSBC;000000000;;K;;KSSK;DEI;KON6;"Over på norden pris; ref SalesForce";Y;ANOL1727;N
GSM04790148465;PSBC;000000000;;K;;KSSK;DEI;KON6;"Over på norden pris; ref SalesForce";Y;ANOL1727;N
GSM04748074897;PSBC;000000000;;K;;KSSK;DEI;KON6;"Over på norden pris; ref SalesForce";Y;ANOL1727;N
GSM04747467481;PSBC;000000000;;K;;KSSK;DEI;KON6;"Over på norden pris; ref SalesForce";Y;ANOL1727;N
GSM04745479194;PSBC;000000000;;K;;KSSK;DEI;KON6;"Over på norden pris; ref SalesForce";Y;ANOL1727;N
GSM04745246610;PSBC;000000000;;K;;KSSK;DEI;KON6;"Over på norden pris; ref SalesForce";Y;ANOL1727;N
GSM04791860254;PSBC;000000000;;K;;KSSK;DEI;KON6;"Over på norden pris; ref SalesForce";Y;ANOL1727;N
GSM04798249045;PSBC;000000000;;K;;KSSK;DEI;KON6;"Over på norden pris; ref SalesForce";Y;ANOL1727;N
GSM04795732348;PSBC;000000000;;K;;KSSK;DEI;KON6;"Over på norden pris; ref SalesForce";Y;ANOL1727;N
GSM04795129710;PSBC;000000000;;K;;KSSK;DEI;KON6;"Over på norden pris; ref SalesForce";Y;ANOL1727;N
GSM04794161290;PSBC;000000000;;K;;KSSK;DEI;KON6;"Over på norden pris; ref SalesForce";Y;ANOL1727;N
GSM04793871943;PSBC;000000000;;K;;KSSK;DEI;KON6;"Over på norden pris; ref SalesForce";Y;ANOL1727;N
GSM04792016197;PSBC;000000000;;K;;KSSK;DEI;KON6;"Over på norden pris; ref SalesForce";Y;ANOL1727;N
GSM04799595873;PSBC;000000000;;K;;KSSK;DEI;KON6;"Over på norden pris; ref SalesForce";Y;ANOL1727;N
GSM04792807001;PSBC;000000000;;K;;KSSK;DEI;KON6;"Over på norden pris; ref SalesForce";Y;ANOL1727;N
GSM04792839993;PSBC;000000000;;K;;KSSK;DEI;KON6;"Over på norden pris; ref SalesForce";Y;ANOL1727;N
GSM04793058137;PSBC;000000000;;K;;KSSK;DEI;KON6;"Over på norden pris; ref SalesForce";Y;ANOL1727;N
GSM04793072222;PSBC;000000000;;K;;KSSK;DEI;KON6;"Over på norden pris; ref SalesForce";Y;ANOL1727;N
GSM04795722828;PSBC;000000000;;K;;KSSK;DEI;KON6;"Over på norden pris; ref SalesForce";Y;ANOL1727;N
GSM04795813958;PSBC;000000000;;K;;KSSK;DEI;KON6;"Over på norden pris; ref SalesForce";Y;ANOL1727;N
GSM04792633341;PSBC;000000000;;K;;KSSK;DEI;KON6;"Over på norden pris; ref SalesForce";Y;ANOL1727;N
GSM04792629483;PSBC;000000000;;K;;KSSK;DEI;KON6;"Over på norden pris; ref SalesForce";Y;ANOL1727;N
GSM04792072535;PSBC;000000000;;K;;KSSK;DEI;KON6;"Over på norden pris; ref SalesForce";Y;ANOL1727;N
GSM04792039130;PSBC;000000000;;K;;KSSK;DEI;KON6;"Over på norden pris; ref SalesForce";Y;ANOL1727;N
GSM04791580747;PSBC;000000000;;K;;KSSK;DEI;KON6;"Over på norden pris; ref SalesForce";Y;ANOL1727;N
GSM04791391227;PSBC;000000000;;K;;KSSK;DEI;KON6;"Over på norden pris; ref SalesForce";Y;ANOL1727;N
GSM04791302982;PSBC;000000000;;K;;KSSK;DEI;KON6;"Over på norden pris; ref SalesForce";Y;ANOL1727;N
GSM04790655956;PSBC;000000000;;K;;KSSK;DEI;KON6;"Over på norden pris; ref SalesForce";Y;ANOL1727;N
GSM04790619306;PSBC;000000000;;K;;KSSK;DEI;KON6;"Over på norden pris; ref SalesForce";Y;ANOL1727;N
GSM04790556077;PSBC;000000000;;K;;KSSK;DEI;KON6;"Over på norden pris; ref SalesForce";Y;ANOL1727;N
GSM04798485040;PSBC;000000000;;K;;KSSK;DEI;KON6;"Over på norden pris; ref SalesForce";Y;ANOL1727;N
GSM04748168469;PSBC;000000000;;K;;KSSK;DEI;KON6;"Over på norden pris; ref SalesForce";Y;ANOL1727;N
GSM04745282169;PSBC;000000000;;K;;KSSK;DEI;KON6;"Over på norden pris; ref SalesForce";Y;ANOL1727;N
GSM04741462079;PSBC;000000000;;K;;KSSK;DEI;KON6;"Over på norden pris; ref SalesForce";Y;ANOL1727;N
GSM04790523172;PSBC;000000000;;K;;KSSK;DEI;KON6;"Over på norden pris; ref SalesForce";Y;ANOL1727;N
GSM04799716019;PSBC;000000000;;K;;KSSK;DEI;KON6;"Over på norden pris; ref SalesForce";Y;ANOL1727;N
GSM04799700889;PSBC;000000000;;K;;KSSK;DEI;KON6;"Over på norden pris; ref SalesForce";Y;ANOL1727;N
GSM04799532612;PSBC;000000000;;K;;KSSK;DEI;KON6;"Over på norden pris; ref SalesForce";Y;ANOL1727;N
GSM04799500359;PSBC;000000000;;K;;KSSK;DEI;KON6;"Over på norden pris; ref SalesForce";Y;ANOL1727;N
GSM04799472940;PSBC;000000000;;K;;KSSK;DEI;KON6;"Over på norden pris; ref SalesForce";Y;ANOL1727;N
GSM04799389140;PSBC;000000000;;K;;KSSK;DEI;KON6;"Over på norden pris; ref SalesForce";Y;ANOL1727;N
GSM04799363480;PSBC;000000000;;K;;KSSK;DEI;KON6;"Over på norden pris; ref SalesForce";Y;ANOL1727;N
GSM04799243698;PSBC;000000000;;K;;KSSK;DEI;KON6;"Over på norden pris; ref SalesForce";Y;ANOL1727;N
GSM04799109506;PSBC;000000000;;K;;KSSK;DEI;KON6;"Over på norden pris; ref SalesForce";Y;ANOL1727;N
GSM04798841263;PSBC;000000000;;K;;KSSK;DEI;KON6;"Over på norden pris; ref SalesForce";Y;ANOL1727;N
GSM04798607416;PSBC;000000000;;K;;KSSK;DEI;KON6;"Over på norden pris; ref SalesForce";Y;ANOL1727;N
GSM04798606631;PSBC;000000000;;K;;KSSK;DEI;KON6;"Over på norden pris; ref SalesForce";Y;ANOL1727;N
GSM04798440134;PSBC;000000000;;K;;KSSK;DEI;KON6;"Over på norden pris; ref SalesForce";Y;ANOL1727;N
GSM04798244617;PSBC;000000000;;K;;KSSK;DEI;KON6;"Over på norden pris; ref SalesForce";Y;ANOL1727;N
GSM04798227631;PSBC;000000000;;K;;KSSK;DEI;KON6;"Over på norden pris; ref SalesForce";Y;ANOL1727;N
GSM04798219504;PSBC;000000000;;K;;KSSK;DEI;KON6;"Over på norden pris; ref SalesForce";Y;ANOL1727;N
GSM04798206487;PSBC;000000000;;K;;KSSK;DEI;KON6;"Over på norden pris; ref SalesForce";Y;ANOL1727;N
GSM04797750966;PSBC;000000000;;K;;KSSK;DEI;KON6;"Over på norden pris; ref SalesForce";Y;ANOL1727;N
GSM04797737186;PSBC;000000000;;K;;KSSK;DEI;KON6;"Over på norden pris; ref SalesForce";Y;ANOL1727;N
GSM04797688741;PSBC;000000000;;K;;KSSK;DEI;KON6;"Over på norden pris; ref SalesForce";Y;ANOL1727;N
GSM04797612398;PSBC;000000000;;K;;KSSK;DEI;KON6;"Over på norden pris; ref SalesForce";Y;ANOL1727;N
GSM04797572895;PSBC;000000000;;K;;KSSK;DEI;KON6;"Over på norden pris; ref SalesForce";Y;ANOL1727;N
GSM04797555262;PSBC;000000000;;K;;KSSK;DEI;KON6;"Over på norden pris; ref SalesForce";Y;ANOL1727;N
GSM04797475092;PSBC;000000000;;K;;KSSK;DEI;KON6;"Over på norden pris; ref SalesForce";Y;ANOL1727;N
GSM04797165308;PSBC;000000000;;K;;KSSK;DEI;KON6;"Over på norden pris; ref SalesForce";Y;ANOL1727;N
GSM04797123202;PSBC;000000000;;K;;KSSK;DEI;KON6;"Over på norden pris; ref SalesForce";Y;ANOL1727;N
GSM04797098973;PSBC;000000000;;K;;KSSK;DEI;KON6;"Over på norden pris; ref SalesForce";Y;ANOL1727;N
GSM04797090225;PSBC;000000000;;K;;KSSK;DEI;KON6;"Over på norden pris; ref SalesForce";Y;ANOL1727;N
GSM04797088586;PSBC;000000000;;K;;KSSK;DEI;KON6;"Over på norden pris; ref SalesForce";Y;ANOL1727;N
GSM04797078714;PSBC;000000000;;K;;KSSK;DEI;KON6;"Over på norden pris; ref SalesForce";Y;ANOL1727;N
GSM04797073811;PSBC;000000000;;K;;KSSK;DEI;KON6;"Over på norden pris; ref SalesForce";Y;ANOL1727;N
GSM04797047271;PSBC;000000000;;K;;KSSK;DEI;KON6;"Over på norden pris; ref SalesForce";Y;ANOL1727;N
GSM04797045704;PSBC;000000000;;K;;KSSK;DEI;KON6;"Over på norden pris; ref SalesForce";Y;ANOL1727;N
GSM04797002121;PSBC;000000000;;K;;KSSK;DEI;KON6;"Over på norden pris; ref SalesForce";Y;ANOL1727;N
GSM04795978169;PSBC;000000000;;K;;KSSK;DEI;KON6;"Over på norden pris; ref SalesForce";Y;ANOL1727;N
GSM04795857786;PSBC;000000000;;K;;KSSK;DEI;KON6;"Over på norden pris; ref SalesForce";Y;ANOL1727;N
GSM04795833961;PSBC;000000000;;K;;KSSK;DEI;KON6;"Over på norden pris; ref SalesForce";Y;ANOL1727;N
GSM04795784422;PSBC;000000000;;K;;KSSK;DEI;KON6;"Over på norden pris; ref SalesForce";Y;ANOL1727;N
GSM04795768957;PSBC;000000000;;K;;KSSK;DEI;KON6;"Over på norden pris; ref SalesForce";Y;ANOL1727;N
GSM04795724119;PSBC;000000000;;K;;KSSK;DEI;KON6;"Over på norden pris; ref SalesForce";Y;ANOL1727;N
GSM04795282580;PSBC;000000000;;K;;KSSK;DEI;KON6;"Over på norden pris; ref SalesForce";Y;ANOL1727;N
GSM04795180245;PSBC;000000000;;K;;KSSK;DEI;KON6;"Over på norden pris; ref SalesForce";Y;ANOL1727;N
GSM04795133340;PSBC;000000000;;K;;KSSK;DEI;KON6;"Over på norden pris; ref SalesForce";Y;ANOL1727;N
GSM04795128917;PSBC;000000000;;K;;KSSK;DEI;KON6;"Over på norden pris; ref SalesForce";Y;ANOL1727;N
GSM04795123973;PSBC;000000000;;K;;KSSK;DEI;KON6;"Over på norden pris; ref SalesForce";Y;ANOL1727;N
GSM04795081293;PSBC;000000000;;K;;KSSK;DEI;KON6;"Over på norden pris; ref SalesForce";Y;ANOL1727;N
GSM04795052597;PSBC;000000000;;K;;KSSK;DEI;KON6;"Over på norden pris; ref SalesForce";Y;ANOL1727;N
GSM04795040113;PSBC;000000000;;K;;KSSK;DEI;KON6;"Over på norden pris; ref SalesForce";Y;ANOL1727;N
GSM04794160536;PSBC;000000000;;K;;KSSK;DEI;KON6;"Over på norden pris; ref SalesForce";Y;ANOL1727;N
GSM04793896995;PSBC;000000000;;K;;KSSK;DEI;KON6;"Over på norden pris; ref SalesForce";Y;ANOL1727;N
GSM04793888999;PSBC;000000000;;K;;KSSK;DEI;KON6;"Over på norden pris; ref SalesForce";Y;ANOL1727;N
GSM04793876915;PSBC;000000000;;K;;KSSK;DEI;KON6;"Over på norden pris; ref SalesForce";Y;ANOL1727;N
GSM04793864417;PSBC;000000000;;K;;KSSK;DEI;KON6;"Over på norden pris; ref SalesForce";Y;ANOL1727;N
GSM04793848579;PSBC;000000000;;K;;KSSK;DEI;KON6;"Over på norden pris; ref SalesForce";Y;ANOL1727;N
GSM04793650049;PSBC;000000000;;K;;KSSK;DEI;KON6;"Over på norden pris; ref SalesForce";Y;ANOL1727;N
GSM04793645044;PSBC;000000000;;K;;KSSK;DEI;KON6;"Over på norden pris; ref SalesForce";Y;ANOL1727;N
GSM04793493432;PSBC;000000000;;K;;KSSK;DEI;KON6;"Over på norden pris; ref SalesForce";Y;ANOL1727;N
GSM04793458304;PSBC;000000000;;K;;KSSK;DEI;KON6;"Over på norden pris; ref SalesForce";Y;ANOL1727;N
GSM04793452139;PSBC;000000000;;K;;KSSK;DEI;KON6;"Over på norden pris; ref SalesForce";Y;ANOL1727;N
GSM04793409548;PSBC;000000000;;K;;KSSK;DEI;KON6;"Over på norden pris; ref SalesForce";Y;ANOL1727;N
GSM04793288223;PSBC;000000000;;K;;KSSK;DEI;KON6;"Over på norden pris; ref SalesForce";Y;ANOL1727;N
GSM04793287893;PSBC;000000000;;K;;KSSK;DEI;KON6;"Over på norden pris; ref SalesForce";Y;ANOL1727;N
GSM04793273966;PSBC;000000000;;K;;KSSK;DEI;KON6;"Over på norden pris; ref SalesForce";Y;ANOL1727;N
GSM04793264035;PSBC;000000000;;K;;KSSK;DEI;KON6;"Over på norden pris; ref SalesForce";Y;ANOL1727;N
GSM04793211172;PSBC;000000000;;K;;KSSK;DEI;KON6;"Over på norden pris; ref SalesForce";Y;ANOL1727;N
GSM04793206998;PSBC;000000000;;K;;KSSK;DEI;KON6;"Over på norden pris; ref SalesForce";Y;ANOL1727;N
GSM04793087508;PSBC;000000000;;K;;KSSK;DEI;KON6;"Over på norden pris; ref SalesForce";Y;ANOL1727;N
GSM04793081139;PSBC;000000000;;K;;KSSK;DEI;KON6;"Over på norden pris; ref SalesForce";Y;ANOL1727;N
GSM04793055752;PSBC;000000000;;K;;KSSK;DEI;KON6;"Over på norden pris; ref SalesForce";Y;ANOL1727;N
GSM04793055099;PSBC;000000000;;K;;KSSK;DEI;KON6;"Over på norden pris; ref SalesForce";Y;ANOL1727;N
GSM04793041296;PSBC;000000000;;K;;KSSK;DEI;KON6;"Over på norden pris; ref SalesForce";Y;ANOL1727;N
GSM04793003710;PSBC;000000000;;K;;KSSK;DEI;KON6;"Over på norden pris; ref SalesForce";Y;ANOL1727;N
GSM04792892383;PSBC;000000000;;K;;KSSK;DEI;KON6;"Over på norden pris; ref SalesForce";Y;ANOL1727;N
GSM04792854482;PSBC;000000000;;K;;KSSK;DEI;KON6;"Over på norden pris; ref SalesForce";Y;ANOL1727;N
GSM04792841772;PSBC;000000000;;K;;KSSK;DEI;KON6;"Over på norden pris; ref SalesForce";Y;ANOL1727;N
GSM04792633330;PSBC;000000000;;K;;KSSK;DEI;KON6;"Over på norden pris; ref SalesForce";Y;ANOL1727;N
GSM04792495362;PSBC;000000000;;K;;KSSK;DEI;KON6;"Over på norden pris; ref SalesForce";Y;ANOL1727;N
GSM04792490934;PSBC;000000000;;K;;KSSK;DEI;KON6;"Over på norden pris; ref SalesForce";Y;ANOL1727;N
GSM04792480442;PSBC;000000000;;K;;KSSK;DEI;KON6;"Over på norden pris; ref SalesForce";Y;ANOL1727;N
GSM04792456642;PSBC;000000000;;K;;KSSK;DEI;KON6;"Over på norden pris; ref SalesForce";Y;ANOL1727;N
GSM04792442998;PSBC;000000000;;K;;KSSK;DEI;KON6;"Over på norden pris; ref SalesForce";Y;ANOL1727;N
GSM04792424976;PSBC;000000000;;K;;KSSK;DEI;KON6;"Over på norden pris; ref SalesForce";Y;ANOL1727;N
GSM04792296973;PSBC;000000000;;K;;KSSK;DEI;KON6;"Over på norden pris; ref SalesForce";Y;ANOL1727;N
GSM04792283340;PSBC;000000000;;K;;KSSK;DEI;KON6;"Over på norden pris; ref SalesForce";Y;ANOL1727;N
GSM04792255587;PSBC;000000000;;K;;KSSK;DEI;KON6;"Over på norden pris; ref SalesForce";Y;ANOL1727;N
GSM04792241407;PSBC;000000000;;K;;KSSK;DEI;KON6;"Over på norden pris; ref SalesForce";Y;ANOL1727;N
GSM04792229622;PSBC;000000000;;K;;KSSK;DEI;KON6;"Over på norden pris; ref SalesForce";Y;ANOL1727;N
GSM04792098975;PSBC;000000000;;K;;KSSK;DEI;KON6;"Over på norden pris; ref SalesForce";Y;ANOL1727;N
GSM04792081415;PSBC;000000000;;K;;KSSK;DEI;KON6;"Over på norden pris; ref SalesForce";Y;ANOL1727;N
GSM04792061690;PSBC;000000000;;K;;KSSK;DEI;KON6;"Over på norden pris; ref SalesForce";Y;ANOL1727;N
GSM04791823939;PSBC;000000000;;K;;KSSK;DEI;KON6;"Over på norden pris; ref SalesForce";Y;ANOL1727;N
GSM04791819446;PSBC;000000000;;K;;KSSK;DEI;KON6;"Over på norden pris; ref SalesForce";Y;ANOL1727;N
GSM04791751175;PSBC;000000000;;K;;KSSK;DEI;KON6;"Over på norden pris; ref SalesForce";Y;ANOL1727;N
GSM04791690703;PSBC;000000000;;K;;KSSK;DEI;KON6;"Over på norden pris; ref SalesForce";Y;ANOL1727;N
GSM04791670483;PSBC;000000000;;K;;KSSK;DEI;KON6;"Over på norden pris; ref SalesForce";Y;ANOL1727;N
GSM04791352336;PSBC;000000000;;K;;KSSK;DEI;KON6;"Over på norden pris; ref SalesForce";Y;ANOL1727;N
GSM04791348038;PSBC;000000000;;K;;KSSK;DEI;KON6;"Over på norden pris; ref SalesForce";Y;ANOL1727;N
GSM04791304999;PSBC;000000000;;K;;KSSK;DEI;KON6;"Over på norden pris; ref SalesForce";Y;ANOL1727;N
GSM04791300224;PSBC;000000000;;K;;KSSK;DEI;KON6;"Over på norden pris; ref SalesForce";Y;ANOL1727;N
GSM04791121790;PSBC;000000000;;K;;KSSK;DEI;KON6;"Over på norden pris; ref SalesForce";Y;ANOL1727;N
GSM04791102393;PSBC;000000000;;K;;KSSK;DEI;KON6;"Over på norden pris; ref SalesForce";Y;ANOL1727;N
GSM04791100443;PSBC;000000000;;K;;KSSK;DEI;KON6;"Over på norden pris; ref SalesForce";Y;ANOL1727;N
GSM04790931084;PSBC;000000000;;K;;KSSK;DEI;KON6;"Over på norden pris; ref SalesForce";Y;ANOL1727;N
GSM04790915872;PSBC;000000000;;K;;KSSK;DEI;KON6;"Over på norden pris; ref SalesForce";Y;ANOL1727;N
GSM04790840477;PSBC;000000000;;K;;KSSK;DEI;KON6;"Over på norden pris; ref SalesForce";Y;ANOL1727;N
GSM04790785100;PSBC;000000000;;K;;KSSK;DEI;KON6;"Over på norden pris; ref SalesForce";Y;ANOL1727;N
GSM04790763007;PSBC;000000000;;K;;KSSK;DEI;KON6;"Over på norden pris; ref SalesForce";Y;ANOL1727;N
GSM04790744034;PSBC;000000000;;K;;KSSK;DEI;KON6;"Over på norden pris; ref SalesForce";Y;ANOL1727;N
GSM04790742303;PSBC;000000000;;K;;KSSK;DEI;KON6;"Over på norden pris; ref SalesForce";Y;ANOL1727;N
GSM04790680288;PSBC;000000000;;K;;KSSK;DEI;KON6;"Over på norden pris; ref SalesForce";Y;ANOL1727;N
GSM04790610422;PSBC;000000000;;K;;KSSK;DEI;KON6;"Over på norden pris; ref SalesForce";Y;ANOL1727;N
GSM04790608547;PSBC;000000000;;K;;KSSK;DEI;KON6;"Over på norden pris; ref SalesForce";Y;ANOL1727;N
GSM04790599262;PSBC;000000000;;K;;KSSK;DEI;KON6;"Over på norden pris; ref SalesForce";Y;ANOL1727;N
GSM04790236337;PSBC;000000000;;K;;KSSK;DEI;KON6;"Over på norden pris; ref SalesForce";Y;ANOL1727;N
GSM04790217177;PSBC;000000000;;K;;KSSK;DEI;KON6;"Over på norden pris; ref SalesForce";Y;ANOL1727;N
GSM04790152391;PSBC;000000000;;K;;KSSK;DEI;KON6;"Over på norden pris; ref SalesForce";Y;ANOL1727;N
GSM04790141483;PSBC;000000000;;K;;KSSK;DEI;KON6;"Over på norden pris; ref SalesForce";Y;ANOL1727;N
GSM04790119550;PSBC;000000000;;K;;KSSK;DEI;KON6;"Over på norden pris; ref SalesForce";Y;ANOL1727;N
GSM04790093038;PSBC;000000000;;K;;KSSK;DEI;KON6;"Over på norden pris; ref SalesForce";Y;ANOL1727;N
GSM04790084817;PSBC;000000000;;K;;KSSK;DEI;KON6;"Over på norden pris; ref SalesForce";Y;ANOL1727;N
GSM04790080950;PSBC;000000000;;K;;KSSK;DEI;KON6;"Over på norden pris; ref SalesForce";Y;ANOL1727;N
GSM04790041750;PSBC;000000000;;K;;KSSK;DEI;KON6;"Over på norden pris; ref SalesForce";Y;ANOL1727;N
GSM04790030296;PSBC;000000000;;K;;KSSK;DEI;KON6;"Over på norden pris; ref SalesForce";Y;ANOL1727;N
GSM04790021244;PSBC;000000000;;K;;KSSK;DEI;KON6;"Over på norden pris; ref SalesForce";Y;ANOL1727;N
GSM04748283109;PSBC;000000000;;K;;KSSK;DEI;KON6;"Over på norden pris; ref SalesForce";Y;ANOL1727;N
GSM04748283085;PSBC;000000000;;K;;KSSK;DEI;KON6;"Over på norden pris; ref SalesForce";Y;ANOL1727;N
GSM04748232275;PSBC;000000000;;K;;KSSK;DEI;KON6;"Over på norden pris; ref SalesForce";Y;ANOL1727;N
GSM04748082210;PSBC;000000000;;K;;KSSK;DEI;KON6;"Over på norden pris; ref SalesForce";Y;ANOL1727;N
GSM04748082200;PSBC;000000000;;K;;KSSK;DEI;KON6;"Over på norden pris; ref SalesForce";Y;ANOL1727;N
GSM04747900068;PSBC;000000000;;K;;KSSK;DEI;KON6;"Over på norden pris; ref SalesForce";Y;ANOL1727;N
GSM04747656081;PSBC;000000000;;K;;KSSK;DEI;KON6;"Over på norden pris; ref SalesForce";Y;ANOL1727;N
GSM04747611697;PSBC;000000000;;K;;KSSK;DEI;KON6;"Over på norden pris; ref SalesForce";Y;ANOL1727;N
GSM04747414722;PSBC;000000000;;K;;KSSK;DEI;KON6;"Over på norden pris; ref SalesForce";Y;ANOL1727;N
GSM04747331337;PSBC;000000000;;K;;KSSK;DEI;KON6;"Over på norden pris; ref SalesForce";Y;ANOL1727;N
GSM04746698846;PSBC;000000000;;K;;KSSK;DEI;KON6;"Over på norden pris; ref SalesForce";Y;ANOL1727;N
GSM04746547779;PSBC;000000000;;K;;KSSK;DEI;KON6;"Over på norden pris; ref SalesForce";Y;ANOL1727;N
GSM04746502848;PSBC;000000000;;K;;KSSK;DEI;KON6;"Over på norden pris; ref SalesForce";Y;ANOL1727;N
GSM04746471454;PSBC;000000000;;K;;KSSK;DEI;KON6;"Over på norden pris; ref SalesForce";Y;ANOL1727;N
GSM04746471310;PSBC;000000000;;K;;KSSK;DEI;KON6;"Over på norden pris; ref SalesForce";Y;ANOL1727;N
GSM04746375681;PSBC;000000000;;K;;KSSK;DEI;KON6;"Over på norden pris; ref SalesForce";Y;ANOL1727;N
GSM04745600619;PSBC;000000000;;K;;KSSK;DEI;KON6;"Over på norden pris; ref SalesForce";Y;ANOL1727;N
GSM04745475047;PSBC;000000000;;K;;KSSK;DEI;KON6;"Over på norden pris; ref SalesForce";Y;ANOL1727;N
GSM04745253021;PSBC;000000000;;K;;KSSK;DEI;KON6;"Over på norden pris; ref SalesForce";Y;ANOL1727;N
GSM04745207681;PSBC;000000000;;K;;KSSK;DEI;KON6;"Over på norden pris; ref SalesForce";Y;ANOL1727;N
GSM04745200763;PSBC;000000000;;K;;KSSK;DEI;KON6;"Over på norden pris; ref SalesForce";Y;ANOL1727;N
GSM04745136809;PSBC;000000000;;K;;KSSK;DEI;KON6;"Over på norden pris; ref SalesForce";Y;ANOL1727;N
GSM04745002122;PSBC;000000000;;K;;KSSK;DEI;KON6;"Over på norden pris; ref SalesForce";Y;ANOL1727;N
GSM04741687085;PSBC;000000000;;K;;KSSK;DEI;KON6;"Over på norden pris; ref SalesForce";Y;ANOL1727;N
GSM04741649322;PSBC;000000000;;K;;KSSK;DEI;KON6;"Over på norden pris; ref SalesForce";Y;ANOL1727;N
GSM04741647007;PSBC;000000000;;K;;KSSK;DEI;KON6;"Over på norden pris; ref SalesForce";Y;ANOL1727;N
GSM04741631570;PSBC;000000000;;K;;KSSK;DEI;KON6;"Over på norden pris; ref SalesForce";Y;ANOL1727;N
GSM04741569782;PSBC;000000000;;K;;KSSK;DEI;KON6;"Over på norden pris; ref SalesForce";Y;ANOL1727;N
GSM04741552636;PSBC;000000000;;K;;KSSK;DEI;KON6;"Over på norden pris; ref SalesForce";Y;ANOL1727;N
GSM04741445799;PSBC;000000000;;K;;KSSK;DEI;KON6;"Over på norden pris; ref SalesForce";Y;ANOL1727;N
GSM04741444584;PSBC;000000000;;K;;KSSK;DEI;KON6;"Over på norden pris; ref SalesForce";Y;ANOL1727;N
GSM04741256766;PSBC;000000000;;K;;KSSK;DEI;KON6;"Over på norden pris; ref SalesForce";Y;ANOL1727;N
GSM04741108412;PSBC;000000000;;K;;KSSK;DEI;KON6;"Over på norden pris; ref SalesForce";Y;ANOL1727;N
GSM04741108127;PSBC;000000000;;K;;KSSK;DEI;KON6;"Over på norden pris; ref SalesForce";Y;ANOL1727;N
GSM04741107043;PSBC;000000000;;K;;KSSK;DEI;KON6;"Over på norden pris; ref SalesForce";Y;ANOL1727;N
GSM04741104210;PSBC;000000000;;K;;KSSK;DEI;KON6;"Over på norden pris; ref SalesForce";Y;ANOL1727;N
GSM04741087397;PSBC;000000000;;K;;KSSK;DEI;KON6;"Over på norden pris; ref SalesForce";Y;ANOL1727;N
GSM04740870404;PSBC;000000000;;K;;KSSK;DEI;KON6;"Over på norden pris; ref SalesForce";Y;ANOL1727;N
GSM04740844267;PSBC;000000000;;K;;KSSK;DEI;KON6;"Over på norden pris; ref SalesForce";Y;ANOL1727;N
GSM04740841027;PSBC;000000000;;K;;KSSK;DEI;KON6;"Over på norden pris; ref SalesForce";Y;ANOL1727;N
GSM04740649459;PSBC;000000000;;K;;KSSK;DEI;KON6;"Over på norden pris; ref SalesForce";Y;ANOL1727;N
GSM04740646906;PSBC;000000000;;K;;KSSK;DEI;KON6;"Over på norden pris; ref SalesForce";Y;ANOL1727;N
GSM04740626420;PSBC;000000000;;K;;KSSK;DEI;KON6;"Over på norden pris; ref SalesForce";Y;ANOL1727;N
GSM04740499453;PSBC;000000000;;K;;KSSK;DEI;KON6;"Over på norden pris; ref SalesForce";Y;ANOL1727;N
GSM04740495888;PSBC;000000000;;K;;KSSK;DEI;KON6;"Over på norden pris; ref SalesForce";Y;ANOL1727;N
GSM04740454504;PSBC;000000000;;K;;KSSK;DEI;KON6;"Over på norden pris; ref SalesForce";Y;ANOL1727;N
GSM04740234610;PSBC;000000000;;K;;KSSK;DEI;KON6;"Over på norden pris; ref SalesForce";Y;ANOL1727;N
GSM04740213566;PSBC;000000000;;K;;KSSK;DEI;KON6;"Over på norden pris; ref SalesForce";Y;ANOL1727;N
GSM04740203379;PSBC;000000000;;K;;KSSK;DEI;KON6;"Over på norden pris; ref SalesForce";Y;ANOL1727;N
GSM04740108166;PSBC;000000000;;K;;KSSK;DEI;KON6;"Over på norden pris; ref SalesForce";Y;ANOL1727;N
GSM04741533688;PSBA;000000000;;K;;KSSK;DEI;KON6;"Over på norden pris; ref SalesForce";Y;ANOL1727;N
GSM04795246769;PSBA;000000000;;K;;KSSK;DEI;KON6;"Over på norden pris; ref SalesForce";Y;ANOL1727;N
GSM04791169727;PSBA;000000000;;K;;KSSK;DEI;KON6;"Over på norden pris; ref SalesForce";Y;ANOL1727;N
GSM04791870198;PSBA;000000000;;K;;KSSK;DEI;KON6;"Over på norden pris; ref SalesForce";Y;ANOL1727;N
GSM04797021306;PSBA;000000000;;K;;KSSK;DEI;KON6;"Over på norden pris; ref SalesForce";Y;ANOL1727;N
GSM04741533598;PSBA;000000000;;K;;KSSK;DEI;KON6;"Over på norden pris; ref SalesForce";Y;ANOL1727;N
GSM04740477900;PSBA;000000000;;K;;KSSK;DEI;KON6;"Over på norden pris; ref SalesForce";Y;ANOL1727;N
GSM04740489555;PSBA;000000000;;K;;KSSK;DEI;KON6;"Over på norden pris; ref SalesForce";Y;ANOL1727;N
GSM04740498300;PSBA;000000000;;K;;KSSK;DEI;KON6;"Over på norden pris; ref SalesForce";Y;ANOL1727;N
GSM04745205700;PSBA;000000000;;K;;KSSK;DEI;KON6;"Over på norden pris; ref SalesForce";Y;ANOL1727;N
GSM04745481400;PSBA;000000000;;K;;KSSK;DEI;KON6;"Over på norden pris; ref SalesForce";Y;ANOL1727;N
GSM04745489200;PSBA;000000000;;K;;KSSK;DEI;KON6;"Over på norden pris; ref SalesForce";Y;ANOL1727;N
GSM04745491400;PSBA;000000000;;K;;KSSK;DEI;KON6;"Over på norden pris; ref SalesForce";Y;ANOL1727;N
GSM04745504222;PSBA;000000000;;K;;KSSK;DEI;KON6;"Over på norden pris; ref SalesForce";Y;ANOL1727;N
GSM04745504666;PSBA;000000000;;K;;KSSK;DEI;KON6;"Over på norden pris; ref SalesForce";Y;ANOL1727;N
GSM04745504700;PSBA;000000000;;K;;KSSK;DEI;KON6;"Over på norden pris; ref SalesForce";Y;ANOL1727;N
GSM04745504777;PSBA;000000000;;K;;KSSK;DEI;KON6;"Over på norden pris; ref SalesForce";Y;ANOL1727;N
GSM04745504800;PSBA;000000000;;K;;KSSK;DEI;KON6;"Over på norden pris; ref SalesForce";Y;ANOL1727;N
GSM04745504900;PSBA;000000000;;K;;KSSK;DEI;KON6;"Over på norden pris; ref SalesForce";Y;ANOL1727;N
GSM04745504999;PSBA;000000000;;K;;KSSK;DEI;KON6;"Over på norden pris; ref SalesForce";Y;ANOL1727;N
GSM04791870209;PSBA;000000000;;K;;KSSK;DEI;KON6;"Over på norden pris; ref SalesForce";Y;ANOL1727;N
GSM04799641233;PSBA;000000000;;K;;KSSK;DEI;KON6;"Over på norden pris; ref SalesForce";Y;ANOL1727;N
GSM04741533693;PSBA;000000000;;K;;KSSK;DEI;KON6;"Over på norden pris; ref SalesForce";Y;ANOL1727;N
GSM04799796113;PSBA;000000000;;K;;KSSK;DEI;KON6;"Over på norden pris; ref SalesForce";Y;ANOL1727;N
GSM04741533637;PSBA;000000000;;K;;KSSK;DEI;KON6;"Over på norden pris; ref SalesForce";Y;ANOL1727;N
GSM04741533638;PSBA;000000000;;K;;KSSK;DEI;KON6;"Over på norden pris; ref SalesForce";Y;ANOL1727;N
GSM04741533639;PSBA;000000000;;K;;KSSK;DEI;KON6;"Over på norden pris; ref SalesForce";Y;ANOL1727;N
GSM04741533640;PSBA;000000000;;K;;KSSK;DEI;KON6;"Over på norden pris; ref SalesForce";Y;ANOL1727;N
GSM04741533642;PSBA;000000000;;K;;KSSK;DEI;KON6;"Over på norden pris; ref SalesForce";Y;ANOL1727;N
GSM04741533643;PSBA;000000000;;K;;KSSK;DEI;KON6;"Over på norden pris; ref SalesForce";Y;ANOL1727;N
GSM04741533644;PSBA;000000000;;K;;KSSK;DEI;KON6;"Over på norden pris; ref SalesForce";Y;ANOL1727;N
GSM04741533645;PSBA;000000000;;K;;KSSK;DEI;KON6;"Over på norden pris; ref SalesForce";Y;ANOL1727;N
GSM04741533647;PSBA;000000000;;K;;KSSK;DEI;KON6;"Over på norden pris; ref SalesForce";Y;ANOL1727;N
GSM04741533648;PSBA;000000000;;K;;KSSK;DEI;KON6;"Over på norden pris; ref SalesForce";Y;ANOL1727;N
GSM04741533650;PSBA;000000000;;K;;KSSK;DEI;KON6;"Over på norden pris; ref SalesForce";Y;ANOL1727;N
GSM04741533651;PSBA;000000000;;K;;KSSK;DEI;KON6;"Over på norden pris; ref SalesForce";Y;ANOL1727;N
GSM04741533653;PSBA;000000000;;K;;KSSK;DEI;KON6;"Over på norden pris; ref SalesForce";Y;ANOL1727;N
GSM04741533654;PSBA;000000000;;K;;KSSK;DEI;KON6;"Over på norden pris; ref SalesForce";Y;ANOL1727;N
GSM04741533656;PSBA;000000000;;K;;KSSK;DEI;KON6;"Over på norden pris; ref SalesForce";Y;ANOL1727;N
GSM04741533657;PSBA;000000000;;K;;KSSK;DEI;KON6;"Over på norden pris; ref SalesForce";Y;ANOL1727;N
GSM04741533658;PSBA;000000000;;K;;KSSK;DEI;KON6;"Over på norden pris; ref SalesForce";Y;ANOL1727;N
GSM04741533659;PSBA;000000000;;K;;KSSK;DEI;KON6;"Over på norden pris; ref SalesForce";Y;ANOL1727;N
GSM04741533660;PSBA;000000000;;K;;KSSK;DEI;KON6;"Over på norden pris; ref SalesForce";Y;ANOL1727;N
GSM04741533661;PSBA;000000000;;K;;KSSK;DEI;KON6;"Over på norden pris; ref SalesForce";Y;ANOL1727;N
GSM04741533662;PSBA;000000000;;K;;KSSK;DEI;KON6;"Over på norden pris; ref SalesForce";Y;ANOL1727;N
GSM04741533663;PSBA;000000000;;K;;KSSK;DEI;KON6;"Over på norden pris; ref SalesForce";Y;ANOL1727;N
GSM04741533664;PSBA;000000000;;K;;KSSK;DEI;KON6;"Over på norden pris; ref SalesForce";Y;ANOL1727;N
GSM04741533665;PSBA;000000000;;K;;KSSK;DEI;KON6;"Over på norden pris; ref SalesForce";Y;ANOL1727;N
GSM04741533666;PSBA;000000000;;K;;KSSK;DEI;KON6;"Over på norden pris; ref SalesForce";Y;ANOL1727;N
GSM04741533667;PSBA;000000000;;K;;KSSK;DEI;KON6;"Over på norden pris; ref SalesForce";Y;ANOL1727;N
GSM04741533668;PSBA;000000000;;K;;KSSK;DEI;KON6;"Over på norden pris; ref SalesForce";Y;ANOL1727;N
GSM04741533669;PSBA;000000000;;K;;KSSK;DEI;KON6;"Over på norden pris; ref SalesForce";Y;ANOL1727;N
GSM04741533670;PSBA;000000000;;K;;KSSK;DEI;KON6;"Over på norden pris; ref SalesForce";Y;ANOL1727;N
GSM04741533671;PSBA;000000000;;K;;KSSK;DEI;KON6;"Over på norden pris; ref SalesForce";Y;ANOL1727;N
GSM04741533672;PSBA;000000000;;K;;KSSK;DEI;KON6;"Over på norden pris; ref SalesForce";Y;ANOL1727;N
GSM04741533673;PSBA;000000000;;K;;KSSK;DEI;KON6;"Over på norden pris; ref SalesForce";Y;ANOL1727;N
GSM04741533674;PSBA;000000000;;K;;KSSK;DEI;KON6;"Over på norden pris; ref SalesForce";Y;ANOL1727;N
GSM04741533675;PSBA;000000000;;K;;KSSK;DEI;KON6;"Over på norden pris; ref SalesForce";Y;ANOL1727;N
GSM04741533676;PSBA;000000000;;K;;KSSK;DEI;KON6;"Over på norden pris; ref SalesForce";Y;ANOL1727;N
GSM04741533678;PSBA;000000000;;K;;KSSK;DEI;KON6;"Over på norden pris; ref SalesForce";Y;ANOL1727;N
GSM04741533679;PSBA;000000000;;K;;KSSK;DEI;KON6;"Over på norden pris; ref SalesForce";Y;ANOL1727;N
GSM04741533682;PSBA;000000000;;K;;KSSK;DEI;KON6;"Over på norden pris; ref SalesForce";Y;ANOL1727;N
GSM04741533683;PSBA;000000000;;K;;KSSK;DEI;KON6;"Over på norden pris; ref SalesForce";Y;ANOL1727;N
GSM04741533689;PSBA;000000000;;K;;KSSK;DEI;KON6;"Over på norden pris; ref SalesForce";Y;ANOL1727;N
GSM04741533691;PSBA;000000000;;K;;KSSK;DEI;KON6;"Over på norden pris; ref SalesForce";Y;ANOL1727;N
GSM04741533695;PSBA;000000000;;K;;KSSK;DEI;KON6;"Over på norden pris; ref SalesForce";Y;ANOL1727;N
GSM04741533696;PSBA;000000000;;K;;KSSK;DEI;KON6;"Over på norden pris; ref SalesForce";Y;ANOL1727;N
GSM04741533697;PSBA;000000000;;K;;KSSK;DEI;KON6;"Over på norden pris; ref SalesForce";Y;ANOL1727;N
GSM04741533698;PSBA;000000000;;K;;KSSK;DEI;KON6;"Over på norden pris; ref SalesForce";Y;ANOL1727;N
GSM04741533699;PSBA;000000000;;K;;KSSK;DEI;KON6;"Over på norden pris; ref SalesForce";Y;ANOL1727;N
GSM04741533503;PSBA;000000000;;K;;KSSK;DEI;KON6;"Over på norden pris; ref SalesForce";Y;ANOL1727;N
GSM04741533504;PSBA;000000000;;K;;KSSK;DEI;KON6;"Over på norden pris; ref SalesForce";Y;ANOL1727;N
GSM04741533505;PSBA;000000000;;K;;KSSK;DEI;KON6;"Over på norden pris; ref SalesForce";Y;ANOL1727;N
GSM04741533509;PSBA;000000000;;K;;KSSK;DEI;KON6;"Over på norden pris; ref SalesForce";Y;ANOL1727;N
GSM04741533510;PSBA;000000000;;K;;KSSK;DEI;KON6;"Over på norden pris; ref SalesForce";Y;ANOL1727;N
GSM04741533514;PSBA;000000000;;K;;KSSK;DEI;KON6;"Over på norden pris; ref SalesForce";Y;ANOL1727;N
GSM04741533518;PSBA;000000000;;K;;KSSK;DEI;KON6;"Over på norden pris; ref SalesForce";Y;ANOL1727;N
GSM04741533519;PSBA;000000000;;K;;KSSK;DEI;KON6;"Over på norden pris; ref SalesForce";Y;ANOL1727;N
GSM04741533520;PSBA;000000000;;K;;KSSK;DEI;KON6;"Over på norden pris; ref SalesForce";Y;ANOL1727;N
GSM04741533524;PSBA;000000000;;K;;KSSK;DEI;KON6;"Over på norden pris; ref SalesForce";Y;ANOL1727;N
GSM04741533529;PSBA;000000000;;K;;KSSK;DEI;KON6;"Over på norden pris; ref SalesForce";Y;ANOL1727;N
GSM04741533544;PSBA;000000000;;K;;KSSK;DEI;KON6;"Over på norden pris; ref SalesForce";Y;ANOL1727;N
GSM04741533549;PSBA;000000000;;K;;KSSK;DEI;KON6;"Over på norden pris; ref SalesForce";Y;ANOL1727;N
GSM04741533551;PSBA;000000000;;K;;KSSK;DEI;KON6;"Over på norden pris; ref SalesForce";Y;ANOL1727;N
GSM04741533554;PSBA;000000000;;K;;KSSK;DEI;KON6;"Over på norden pris; ref SalesForce";Y;ANOL1727;N
GSM04741533556;PSBA;000000000;;K;;KSSK;DEI;KON6;"Over på norden pris; ref SalesForce";Y;ANOL1727;N
GSM04741533557;PSBA;000000000;;K;;KSSK;DEI;KON6;"Over på norden pris; ref SalesForce";Y;ANOL1727;N
GSM04741533558;PSBA;000000000;;K;;KSSK;DEI;KON6;"Over på norden pris; ref SalesForce";Y;ANOL1727;N
GSM04741533559;PSBA;000000000;;K;;KSSK;DEI;KON6;"Over på norden pris; ref SalesForce";Y;ANOL1727;N
GSM04741533560;PSBA;000000000;;K;;KSSK;DEI;KON6;"Over på norden pris; ref SalesForce";Y;ANOL1727;N
GSM04741533563;PSBA;000000000;;K;;KSSK;DEI;KON6;"Over på norden pris; ref SalesForce";Y;ANOL1727;N
GSM04741533564;PSBA;000000000;;K;;KSSK;DEI;KON6;"Over på norden pris; ref SalesForce";Y;ANOL1727;N
GSM04741533565;PSBA;000000000;;K;;KSSK;DEI;KON6;"Over på norden pris; ref SalesForce";Y;ANOL1727;N
GSM04741533567;PSBA;000000000;;K;;KSSK;DEI;KON6;"Over på norden pris; ref SalesForce";Y;ANOL1727;N
GSM04741533571;PSBA;000000000;;K;;KSSK;DEI;KON6;"Over på norden pris; ref SalesForce";Y;ANOL1727;N
GSM04741533574;PSBA;000000000;;K;;KSSK;DEI;KON6;"Over på norden pris; ref SalesForce";Y;ANOL1727;N
GSM04741533575;PSBA;000000000;;K;;KSSK;DEI;KON6;"Over på norden pris; ref SalesForce";Y;ANOL1727;N
GSM04741533576;PSBA;000000000;;K;;KSSK;DEI;KON6;"Over på norden pris; ref SalesForce";Y;ANOL1727;N
GSM04741533579;PSBA;000000000;;K;;KSSK;DEI;KON6;"Over på norden pris; ref SalesForce";Y;ANOL1727;N
GSM04741533581;PSBA;000000000;;K;;KSSK;DEI;KON6;"Over på norden pris; ref SalesForce";Y;ANOL1727;N
GSM04741533582;PSBA;000000000;;K;;KSSK;DEI;KON6;"Over på norden pris; ref SalesForce";Y;ANOL1727;N
GSM04741533583;PSBA;000000000;;K;;KSSK;DEI;KON6;"Over på norden pris; ref SalesForce";Y;ANOL1727;N
GSM04741533584;PSBA;000000000;;K;;KSSK;DEI;KON6;"Over på norden pris; ref SalesForce";Y;ANOL1727;N
GSM04741533586;PSBA;000000000;;K;;KSSK;DEI;KON6;"Over på norden pris; ref SalesForce";Y;ANOL1727;N
GSM04741533587;PSBA;000000000;;K;;KSSK;DEI;KON6;"Over på norden pris; ref SalesForce";Y;ANOL1727;N
GSM04741533588;PSBA;000000000;;K;;KSSK;DEI;KON6;"Over på norden pris; ref SalesForce";Y;ANOL1727;N
GSM04741533589;PSBA;000000000;;K;;KSSK;DEI;KON6;"Over på norden pris; ref SalesForce";Y;ANOL1727;N
GSM04741533590;PSBA;000000000;;K;;KSSK;DEI;KON6;"Over på norden pris; ref SalesForce";Y;ANOL1727;N
GSM04741533591;PSBA;000000000;;K;;KSSK;DEI;KON6;"Over på norden pris; ref SalesForce";Y;ANOL1727;N
GSM04741533592;PSBA;000000000;;K;;KSSK;DEI;KON6;"Over på norden pris; ref SalesForce";Y;ANOL1727;N
GSM04741533593;PSBA;000000000;;K;;KSSK;DEI;KON6;"Over på norden pris; ref SalesForce";Y;ANOL1727;N
GSM04741533594;PSBA;000000000;;K;;KSSK;DEI;KON6;"Over på norden pris; ref SalesForce";Y;ANOL1727;N
GSM04741533595;PSBA;000000000;;K;;KSSK;DEI;KON6;"Over på norden pris; ref SalesForce";Y;ANOL1727;N
GSM04741533597;PSBA;000000000;;K;;KSSK;DEI;KON6;"Over på norden pris; ref SalesForce";Y;ANOL1727;N
GSM04741533599;PSBA;000000000;;K;;KSSK;DEI;KON6;"Over på norden pris; ref SalesForce";Y;ANOL1727;N
GSM04741533602;PSBA;000000000;;K;;KSSK;DEI;KON6;"Over på norden pris; ref SalesForce";Y;ANOL1727;N
GSM04741533603;PSBA;000000000;;K;;KSSK;DEI;KON6;"Over på norden pris; ref SalesForce";Y;ANOL1727;N
GSM04741533608;PSBA;000000000;;K;;KSSK;DEI;KON6;"Over på norden pris; ref SalesForce";Y;ANOL1727;N
GSM04741533614;PSBA;000000000;;K;;KSSK;DEI;KON6;"Over på norden pris; ref SalesForce";Y;ANOL1727;N
GSM04741533617;PSBA;000000000;;K;;KSSK;DEI;KON6;"Over på norden pris; ref SalesForce";Y;ANOL1727;N
GSM04741533619;PSBA;000000000;;K;;KSSK;DEI;KON6;"Over på norden pris; ref SalesForce";Y;ANOL1727;N
GSM04741533620;PSBA;000000000;;K;;KSSK;DEI;KON6;"Over på norden pris; ref SalesForce";Y;ANOL1727;N
GSM04741533621;PSBA;000000000;;K;;KSSK;DEI;KON6;"Over på norden pris; ref SalesForce";Y;ANOL1727;N
GSM04741533622;PSBA;000000000;;K;;KSSK;DEI;KON6;"Over på norden pris; ref SalesForce";Y;ANOL1727;N
GSM04741533624;PSBA;000000000;;K;;KSSK;DEI;KON6;"Over på norden pris; ref SalesForce";Y;ANOL1727;N
GSM04741533625;PSBA;000000000;;K;;KSSK;DEI;KON6;"Over på norden pris; ref SalesForce";Y;ANOL1727;N
GSM04741533627;PSBA;000000000;;K;;KSSK;DEI;KON6;"Over på norden pris; ref SalesForce";Y;ANOL1727;N
GSM04741533628;PSBA;000000000;;K;;KSSK;DEI;KON6;"Over på norden pris; ref SalesForce";Y;ANOL1727;N
GSM04741533629;PSBA;000000000;;K;;KSSK;DEI;KON6;"Over på norden pris; ref SalesForce";Y;ANOL1727;N
GSM04741533631;PSBA;000000000;;K;;KSSK;DEI;KON6;"Over på norden pris; ref SalesForce";Y;ANOL1727;N
GSM04741533633;PSBA;000000000;;K;;KSSK;DEI;KON6;"Over på norden pris; ref SalesForce";Y;ANOL1727;N
GSM04741533634;PSBA;000000000;;K;;KSSK;DEI;KON6;"Over på norden pris; ref SalesForce";Y;ANOL1727;N
GSM04741533635;PSBA;000000000;;K;;KSSK;DEI;KON6;"Over på norden pris; ref SalesForce";Y;ANOL1727;N
GSM04741533636;PSBA;000000000;;K;;KSSK;DEI;KON6;"Over på norden pris; ref SalesForce";Y;ANOL1727;N
GSM04741525577;PSBA;000000000;;K;;KSSK;DEI;KON6;"Over på norden pris; ref SalesForce";Y;ANOL1727;N
GSM04795102123;PSBA;000000000;;K;;KSSK;DEI;KON6;"Over på norden pris; ref SalesForce";Y;ANOL1727;N
GSM04741512706;PSBA;000000000;;K;;KSSK;DEI;KON6;"Over på norden pris; ref SalesForce";Y;ANOL1727;N
GSM04741533605;PSBA;000000000;;K;;KSSK;DEI;KON6;"Over på norden pris; ref SalesForce";Y;ANOL1727;N
GSM04791812170;PSBA;000000000;;K;;KSSK;DEI;KON6;"Over på norden pris; ref SalesForce";Y;ANOL1727;N
GSM04747274113;PSBA;000000000;;K;;KSSK;DEI;KON6;"Over på norden pris; ref SalesForce";Y;ANOL1727;N
GSM04790825963;PSBA;000000000;;K;;KSSK;DEI;KON6;"Over på norden pris; ref SalesForce";Y;ANOL1727;N
GSM04745504444;PSBA;000000000;;K;;KSSK;DEI;KON6;"Over på norden pris; ref SalesForce";Y;ANOL1727;N
GSM04790549757;PSBA;000000000;;K;;KSSK;DEI;KON6;"Over på norden pris; ref SalesForce";Y;ANOL1727;N
GSM04741489288;PSBA;000000000;;K;;KSSK;DEI;KON6;"Over på norden pris; ref SalesForce";Y;ANOL1727;N
GSM04741533533;PSBA;000000000;;K;;KSSK;DEI;KON6;"Over på norden pris; ref SalesForce";Y;ANOL1727;N
GSM04741533534;PSBA;000000000;;K;;KSSK;DEI;KON6;"Over på norden pris; ref SalesForce";Y;ANOL1727;N
GSM04741533535;PSBA;000000000;;K;;KSSK;DEI;KON6;"Over på norden pris; ref SalesForce";Y;ANOL1727;N
GSM04741533536;PSBA;000000000;;K;;KSSK;DEI;KON6;"Over på norden pris; ref SalesForce";Y;ANOL1727;N
GSM04741533538;PSBA;000000000;;K;;KSSK;DEI;KON6;"Over på norden pris; ref SalesForce";Y;ANOL1727;N
GSM04741533539;PSBA;000000000;;K;;KSSK;DEI;KON6;"Over på norden pris; ref SalesForce";Y;ANOL1727;N
GSM04741533540;PSBA;000000000;;K;;KSSK;DEI;KON6;"Over på norden pris; ref SalesForce";Y;ANOL1727;N
GSM04741533541;PSBA;000000000;;K;;KSSK;DEI;KON6;"Over på norden pris; ref SalesForce";Y;ANOL1727;N
GSM04741533542;PSBA;000000000;;K;;KSSK;DEI;KON6;"Over på norden pris; ref SalesForce";Y;ANOL1727;N
GSM04741533585;PSBA;000000000;;K;;KSSK;DEI;KON6;"Over på norden pris; ref SalesForce";Y;ANOL1727;N
GSM04792277004;PSBA;000000000;;K;;KSSK;DEI;KON6;"Over på norden pris; ref SalesForce";Y;ANOL1727;N
GSM04741533508;PSBA;000000000;;K;;KSSK;DEI;KON6;"Over på norden pris; ref SalesForce";Y;ANOL1727;N
GSM04746509230;PSBA;000000000;;K;;KSSK;DEI;KON6;"Over på norden pris; ref SalesForce";Y;ANOL1727;N
GSM04790073207;PSBA;000000000;;K;;KSSK;DEI;KON6;"Over på norden pris; ref SalesForce";Y;ANOL1727;N
GSM04741533546;PSBA;000000000;;K;;KSSK;DEI;KON6;"Over på norden pris; ref SalesForce";Y;ANOL1727;N
GSM04741533692;PSBA;000000000;;K;;KSSK;DEI;KON6;"Over på norden pris; ref SalesForce";Y;ANOL1727;N
GSM04792832559;PSBA;000000000;;K;;KSSK;DEI;KON6;"Over på norden pris; ref SalesForce";Y;ANOL1727;N
GSM04741533646;PSBA;000000000;;K;;KSSK;DEI;KON6;"Over på norden pris; ref SalesForce";Y;ANOL1727;N
GSM04741533562;PSBA;000000000;;K;;KSSK;DEI;KON6;"Over på norden pris; ref SalesForce";Y;ANOL1727;N
GSM04745504555;PSBA;000000000;;K;;KSSK;DEI;KON6;"Over på norden pris; ref SalesForce";Y;ANOL1727;N
GSM04798212800;PSBA;000000000;;K;;KSSK;DEI;KON6;"Over på norden pris; ref SalesForce";Y;ANOL1727;N
GSM04790927834;PSBA;000000000;;K;;KSSK;DEI;KON6;"Over på norden pris; ref SalesForce";Y;ANOL1727;N
GSM04741533613;PSBA;000000000;;K;;KSSK;DEI;KON6;"Over på norden pris; ref SalesForce";Y;ANOL1727;N
GSM04790992898;PSBA;000000000;;K;;KSSK;DEI;KON6;"Over på norden pris; ref SalesForce";Y;ANOL1727;N
GSM04741533607;PSBA;000000000;;K;;KSSK;DEI;KON6;"Over på norden pris; ref SalesForce";Y;ANOL1727;N
GSM04741533606;PSBA;000000000;;K;;KSSK;DEI;KON6;"Over på norden pris; ref SalesForce";Y;ANOL1727;N
GSM04741533611;PSBA;000000000;;K;;KSSK;DEI;KON6;"Over på norden pris; ref SalesForce";Y;ANOL1727;N
GSM04792880689;PSBA;000000000;;K;;KSSK;DEI;KON6;"Over på norden pris; ref SalesForce";Y;ANOL1727;N
GSM04740630094;PSBA;000000000;;K;;KSSK;DEI;KON6;"Over på norden pris; ref SalesForce";Y;ANOL1727;N
GSM04741533649;PSBA;000000000;;K;;KSSK;DEI;KON6;"Over på norden pris; ref SalesForce";Y;ANOL1727;N
GSM04741533507;PSBA;000000000;;K;;KSSK;DEI;KON6;"Over på norden pris; ref SalesForce";Y;ANOL1727;N
GSM04795049456;PSBA;000000000;;K;;KSSK;DEI;KON6;"Over på norden pris; ref SalesForce";Y;ANOL1727;N
GSM04792686857;PSBA;000000000;;K;;KSSK;DEI;KON6;"Over på norden pris; ref SalesForce";Y;ANOL1727;N
GSM04741213126;PSBA;000000000;;K;;KSSK;DEI;KON6;"Over på norden pris; ref SalesForce";Y;ANOL1727;N
GSM04741533506;PSBA;000000000;;K;;KSSK;DEI;KON6;"Over på norden pris; ref SalesForce";Y;ANOL1727;N
GSM04790535543;PSBA;000000000;;K;;KSSK;DEI;KON6;"Over på norden pris; ref SalesForce";Y;ANOL1727;N
GSM04741533516;PSBA;000000000;;K;;KSSK;DEI;KON6;"Over på norden pris; ref SalesForce";Y;ANOL1727;N
GSM04741533528;PSBA;000000000;;K;;KSSK;DEI;KON6;"Over på norden pris; ref SalesForce";Y;ANOL1727;N
GSM04741533568;PSBA;000000000;;K;;KSSK;DEI;KON6;"Over på norden pris; ref SalesForce";Y;ANOL1727;N
GSM04790545583;PSBA;000000000;;K;;KSSK;DEI;KON6;"Over på norden pris; ref SalesForce";Y;ANOL1727;N
GSM04791691837;PSBA;000000000;;K;;KSSK;DEI;KON6;"Over på norden pris; ref SalesForce";Y;ANOL1727;N
GSM04741533684;PSBA;000000000;;K;;KSSK;DEI;KON6;"Over på norden pris; ref SalesForce";Y;ANOL1727;N
GSM04799126609;PSBA;000000000;;K;;KSSK;DEI;KON6;"Over på norden pris; ref SalesForce";Y;ANOL1727;N
GSM04790764099;PSBA;000000000;;K;;KSSK;DEI;KON6;"Over på norden pris; ref SalesForce";Y;ANOL1727;N
GSM04794189715;PSBA;000000000;;K;;KSSK;DEI;KON6;"Over på norden pris; ref SalesForce";Y;ANOL1727;N
GSM04746428007;PSBA;000000000;;K;;KSSK;DEI;KON6;"Over på norden pris; ref SalesForce";Y;ANOL1727;N
GSM04745394480;PSBA;000000000;;K;;KSSK;DEI;KON6;"Over på norden pris; ref SalesForce";Y;ANOL1727;N
GSM04792887458;PSBA;000000000;;K;;KSSK;DEI;KON6;"Over på norden pris; ref SalesForce";Y;ANOL1727;N
GSM04745297721;PSBA;000000000;;K;;KSSK;DEI;KON6;"Over på norden pris; ref SalesForce";Y;ANOL1727;N
GSM04790963501;PSBA;000000000;;K;;KSSK;DEI;KON6;"Over på norden pris; ref SalesForce";Y;ANOL1727;N
GSM04790864326;PSBA;000000000;;K;;KSSK;DEI;KON6;"Over på norden pris; ref SalesForce";Y;ANOL1727;N
GSM04741533545;PSBA;000000000;;K;;KSSK;DEI;KON6;"Over på norden pris; ref SalesForce";Y;ANOL1727;N
GSM04746613290;PSBA;000000000;;K;;KSSK;DEI;KON6;"Over på norden pris; ref SalesForce";Y;ANOL1727;N
GSM04790688992;PSBA;000000000;;K;;KSSK;DEI;KON6;"Over på norden pris; ref SalesForce";Y;ANOL1727;N
GSM04795189662;PSBA;000000000;;K;;KSSK;DEI;KON6;"Over på norden pris; ref SalesForce";Y;ANOL1727;N
GSM04741533566;PSBA;000000000;;K;;KSSK;DEI;KON6;"Over på norden pris; ref SalesForce";Y;ANOL1727;N
GSM04790845807;PSBA;000000000;;K;;KSSK;DEI;KON6;"Over på norden pris; ref SalesForce";Y;ANOL1727;N
GSM04741533604;PSBA;000000000;;K;;KSSK;DEI;KON6;"Over på norden pris; ref SalesForce";Y;ANOL1727;N
GSM04791646965;PSBA;000000000;;K;;KSSK;DEI;KON6;"Over på norden pris; ref SalesForce";Y;ANOL1727;N
GSM04790096540;PSBA;000000000;;K;;KSSK;DEI;KON6;"Over på norden pris; ref SalesForce";Y;ANOL1727;N
GSM04799701882;PSBA;000000000;;K;;KSSK;DEI;KON6;"Over på norden pris; ref SalesForce";Y;ANOL1727;N
GSM04797513940;PSBA;000000000;;K;;KSSK;DEI;KON6;"Over på norden pris; ref SalesForce";Y;ANOL1727;N
GSM04741533515;PSBA;000000000;;K;;KSSK;DEI;KON6;"Over på norden pris; ref SalesForce";Y;ANOL1727;N
GSM04741533517;PSBA;000000000;;K;;KSSK;DEI;KON6;"Over på norden pris; ref SalesForce";Y;ANOL1727;N
GSM04741533527;PSBA;000000000;;K;;KSSK;DEI;KON6;"Over på norden pris; ref SalesForce";Y;ANOL1727;N
GSM04792874275;PSBA;000000000;;K;;KSSK;DEI;KON6;"Over på norden pris; ref SalesForce";Y;ANOL1727;N
GSM04790020731;PSBA;000000000;;K;;KSSK;DEI;KON6;"Over på norden pris; ref SalesForce";Y;ANOL1727;N
GSM04792021975;PSBA;000000000;;K;;KSSK;DEI;KON6;"Over på norden pris; ref SalesForce";Y;ANOL1727;N
GSM04791794668;PSBA;000000000;;K;;KSSK;DEI;KON6;"Over på norden pris; ref SalesForce";Y;ANOL1727;N
GSM04747666936;PSBA;000000000;;K;;KSSK;DEI;KON6;"Over på norden pris; ref SalesForce";Y;ANOL1727;N
GSM04741533572;PSBA;000000000;;K;;KSSK;DEI;KON6;"Over på norden pris; ref SalesForce";Y;ANOL1727;N
GSM04791603917;PSBA;000000000;;K;;KSSK;DEI;KON6;"Over på norden pris; ref SalesForce";Y;ANOL1727;N
GSM04798207013;PSBA;000000000;;K;;KSSK;DEI;KON6;"Over på norden pris; ref SalesForce";Y;ANOL1727;N
GSM04741533550;PSBA;000000000;;K;;KSSK;DEI;KON6;"Over på norden pris; ref SalesForce";Y;ANOL1727;N
GSM04793042071;PSBA;000000000;;K;;KSSK;DEI;KON6;"Over på norden pris; ref SalesForce";Y;ANOL1727;N
GSM04799535330;PSBA;000000000;;K;;KSSK;DEI;KON6;"Over på norden pris; ref SalesForce";Y;ANOL1727;N
GSM04791169688;PSBA;000000000;;K;;KSSK;DEI;KON6;"Over på norden pris; ref SalesForce";Y;ANOL1727;N
GSM04797570732;PSBA;000000000;;K;;KSSK;DEI;KON6;"Over på norden pris; ref SalesForce";Y;ANOL1727;N
GSM04741533680;PSBA;000000000;;K;;KSSK;DEI;KON6;"Over på norden pris; ref SalesForce";Y;ANOL1727;N
GSM04799490042;PSBA;000000000;;K;;KSSK;DEI;KON6;"Over på norden pris; ref SalesForce";Y;ANOL1727;N
GSM04746509266;PSBA;000000000;;K;;KSSK;DEI;KON6;"Over på norden pris; ref SalesForce";Y;ANOL1727;N
GSM04741533521;PSBA;000000000;;K;;KSSK;DEI;KON6;"Over på norden pris; ref SalesForce";Y;ANOL1727;N
GSM04741533530;PSBA;000000000;;K;;KSSK;DEI;KON6;"Over på norden pris; ref SalesForce";Y;ANOL1727;N
GSM04741533511;PSBA;000000000;;K;;KSSK;DEI;KON6;"Over på norden pris; ref SalesForce";Y;ANOL1727;N
GSM04792036754;PSBA;000000000;;K;;KSSK;DEI;KON6;"Over på norden pris; ref SalesForce";Y;ANOL1727;N
GSM04741533615;PSBA;000000000;;K;;KSSK;DEI;KON6;"Over på norden pris; ref SalesForce";Y;ANOL1727;N
GSM04741533655;PSBA;000000000;;K;;KSSK;DEI;KON6;"Over på norden pris; ref SalesForce";Y;ANOL1727;N
GSM04741533632;PSBA;000000000;;K;;KSSK;DEI;KON6;"Over på norden pris; ref SalesForce";Y;ANOL1727;N
GSM04741533547;PSBA;000000000;;K;;KSSK;DEI;KON6;"Over på norden pris; ref SalesForce";Y;ANOL1727;N
GSM04792618973;PSBA;000000000;;K;;KSSK;DEI;KON6;"Over på norden pris; ref SalesForce";Y;ANOL1727;N
GSM04741533561;PSBA;000000000;;K;;KSSK;DEI;KON6;"Over på norden pris; ref SalesForce";Y;ANOL1727;N
GSM04791604308;PSBA;000000000;;K;;KSSK;DEI;KON6;"Over på norden pris; ref SalesForce";Y;ANOL1727;N
GSM04797086252;PSBA;000000000;;K;;KSSK;DEI;KON6;"Over på norden pris; ref SalesForce";Y;ANOL1727;N
GSM04791603921;PSBA;000000000;;K;;KSSK;DEI;KON6;"Over på norden pris; ref SalesForce";Y;ANOL1727;N
GSM04741533687;PSBA;000000000;;K;;KSSK;DEI;KON6;"Over på norden pris; ref SalesForce";Y;ANOL1727;N
GSM04741533690;PSBA;000000000;;K;;KSSK;DEI;KON6;"Over på norden pris; ref SalesForce";Y;ANOL1727;N
GSM04790192194;PSBA;000000000;;K;;KSSK;DEI;KON6;"Over på norden pris; ref SalesForce";Y;ANOL1727;N
GSM04795840991;PSBA;000000000;;K;;KSSK;DEI;KON6;"Over på norden pris; ref SalesForce";Y;ANOL1727;N
GSM04790022449;PSBA;000000000;;K;;KSSK;DEI;KON6;"Over på norden pris; ref SalesForce";Y;ANOL1727;N
GSM04741533612;PSBA;000000000;;K;;KSSK;DEI;KON6;"Over på norden pris; ref SalesForce";Y;ANOL1727;N
GSM04790696214;PSBA;000000000;;K;;KSSK;DEI;KON6;"Over på norden pris; ref SalesForce";Y;ANOL1727;N
GSM04741533548;PSBA;000000000;;K;;KSSK;DEI;KON6;"Over på norden pris; ref SalesForce";Y;ANOL1727;N
GSM04790182325;PSBA;000000000;;K;;KSSK;DEI;KON6;"Over på norden pris; ref SalesForce";Y;ANOL1727;N
GSM04741533501;PSBA;000000000;;K;;KSSK;DEI;KON6;"Over på norden pris; ref SalesForce";Y;ANOL1727;N
GSM04741533681;PSBA;000000000;;K;;KSSK;DEI;KON6;"Over på norden pris; ref SalesForce";Y;ANOL1727;N
GSM04797508106;PSBA;000000000;;K;;KSSK;DEI;KON6;"Over på norden pris; ref SalesForce";Y;ANOL1727;N
GSM04741533686;PSBA;000000000;;K;;KSSK;DEI;KON6;"Over på norden pris; ref SalesForce";Y;ANOL1727;N
GSM04741533552;PSBA;000000000;;K;;KSSK;DEI;KON6;"Over på norden pris; ref SalesForce";Y;ANOL1727;N
GSM04741533532;PSBA;000000000;;K;;KSSK;DEI;KON6;"Over på norden pris; ref SalesForce";Y;ANOL1727;N
GSM04790598911;PSBA;000000000;;K;;KSSK;DEI;KON6;"Over på norden pris; ref SalesForce";Y;ANOL1727;N
GSM04790586176;PSBA;000000000;;K;;KSSK;DEI;KON6;"Over på norden pris; ref SalesForce";Y;ANOL1727;N
GSM04741533543;PSBA;000000000;;K;;KSSK;DEI;KON6;"Over på norden pris; ref SalesForce";Y;ANOL1727;N
GSM04793606998;PSBA;000000000;;K;;KSSK;DEI;KON6;"Over på norden pris; ref SalesForce";Y;ANOL1727;N
GSM04741533616;PSBA;000000000;;K;;KSSK;DEI;KON6;"Over på norden pris; ref SalesForce";Y;ANOL1727;N
GSM04741533577;PSBA;000000000;;K;;KSSK;DEI;KON6;"Over på norden pris; ref SalesForce";Y;ANOL1727;N
GSM04792291001;PSBA;000000000;;K;;KSSK;DEI;KON6;"Over på norden pris; ref SalesForce";Y;ANOL1727;N
GSM04741533694;PSBA;000000000;;K;;KSSK;DEI;KON6;"Over på norden pris; ref SalesForce";Y;ANOL1727;N
GSM04740615759;PSBA;000000000;;K;;KSSK;DEI;KON6;"Over på norden pris; ref SalesForce";Y;ANOL1727;N
GSM04741533525;PSBA;000000000;;K;;KSSK;DEI;KON6;"Over på norden pris; ref SalesForce";Y;ANOL1727;N
GSM04741533578;PSBA;000000000;;K;;KSSK;DEI;KON6;"Over på norden pris; ref SalesForce";Y;ANOL1727;N
GSM04795248033;PSBA;000000000;;K;;KSSK;DEI;KON6;"Over på norden pris; ref SalesForce";Y;ANOL1727;N
GSM04745279511;PSBA;000000000;;K;;KSSK;DEI;KON6;"Over på norden pris; ref SalesForce";Y;ANOL1727;N
GSM04790876644;PSBA;000000000;;K;;KSSK;DEI;KON6;"Over på norden pris; ref SalesForce";Y;ANOL1727;N
GSM04799321131;PSBA;000000000;;K;;KSSK;DEI;KON6;"Over på norden pris; ref SalesForce";Y;ANOL1727;N
GSM04795210858;PSBA;000000000;;K;;KSSK;DEI;KON6;"Over på norden pris; ref SalesForce";Y;ANOL1727;N
GSM04741533522;PSBA;000000000;;K;;KSSK;DEI;KON6;"Over på norden pris; ref SalesForce";Y;ANOL1727;N
GSM04747304210;PSBA;000000000;;K;;KSSK;DEI;KON6;"Over på norden pris; ref SalesForce";Y;ANOL1727;N
GSM04791336304;PSBA;000000000;;K;;KSSK;DEI;KON6;"Over på norden pris; ref SalesForce";Y;ANOL1727;N
GSM04791871044;PSBA;000000000;;K;;KSSK;DEI;KON6;"Over på norden pris; ref SalesForce";Y;ANOL1727;N
GSM04745515771;PSBA;000000000;;K;;KSSK;DEI;KON6;"Over på norden pris; ref SalesForce";Y;ANOL1727;N
GSM04741533537;PSBA;000000000;;K;;KSSK;DEI;KON6;"Over på norden pris; ref SalesForce";Y;ANOL1727;N
GSM04748296577;PSBA;000000000;;K;;KSSK;DEI;KON6;"Over på norden pris; ref SalesForce";Y;ANOL1727;N
GSM04791117599;PSBA;000000000;;K;;KSSK;DEI;KON6;"Over på norden pris; ref SalesForce";Y;ANOL1727;N
GSM04791860010;PSBA;000000000;;K;;KSSK;DEI;KON6;"Over på norden pris; ref SalesForce";Y;ANOL1727;N
GSM04795466321;PSBA;000000000;;K;;KSSK;DEI;KON6;"Over på norden pris; ref SalesForce";Y;ANOL1727;N
GSM04741533569;PSBA;000000000;;K;;KSSK;DEI;KON6;"Over på norden pris; ref SalesForce";Y;ANOL1727;N
GSM04741533677;PSBA;000000000;;K;;KSSK;DEI;KON6;"Over på norden pris; ref SalesForce";Y;ANOL1727;N
GSM04791633559;PSBA;000000000;;K;;KSSK;DEI;KON6;"Over på norden pris; ref SalesForce";Y;ANOL1727;N
GSM04741533502;PSBA;000000000;;K;;KSSK;DEI;KON6;"Over på norden pris; ref SalesForce";Y;ANOL1727;N
GSM04797697077;PSBA;000000000;;K;;KSSK;DEI;KON6;"Over på norden pris; ref SalesForce";Y;ANOL1727;N
GSM04791872823;PSBA;000000000;;K;;KSSK;DEI;KON6;"Over på norden pris; ref SalesForce";Y;ANOL1727;N
GSM04746433295;PSBA;000000000;;K;;KSSK;DEI;KON6;"Over på norden pris; ref SalesForce";Y;ANOL1727;N
GSM04741533526;PSBA;000000000;;K;;KSSK;DEI;KON6;"Over på norden pris; ref SalesForce";Y;ANOL1727;N
GSM04741533626;PSBA;000000000;;K;;KSSK;DEI;KON6;"Over på norden pris; ref SalesForce";Y;ANOL1727;N
GSM04797581772;PSBA;000000000;;K;;KSSK;DEI;KON6;"Over på norden pris; ref SalesForce";Y;ANOL1727;N
GSM04741533652;PSBA;000000000;;K;;KSSK;DEI;KON6;"Over på norden pris; ref SalesForce";Y;ANOL1727;N
GSM04798204776;PSBA;000000000;;K;;KSSK;DEI;KON6;"Over på norden pris; ref SalesForce";Y;ANOL1727;N
GSM04741533609;PSBA;000000000;;K;;KSSK;DEI;KON6;"Over på norden pris; ref SalesForce";Y;ANOL1727;N
GSM04748252400;PSBA;000000000;;K;;KSSK;DEI;KON6;"Over på norden pris; ref SalesForce";Y;ANOL1727;N
GSM04741533601;PSBA;000000000;;K;;KSSK;DEI;KON6;"Over på norden pris; ref SalesForce";Y;ANOL1727;N
GSM04741533623;PSBA;000000000;;K;;KSSK;DEI;KON6;"Over på norden pris; ref SalesForce";Y;ANOL1727;N
GSM04797619321;PSBA;000000000;;K;;KSSK;DEI;KON6;"Over på norden pris; ref SalesForce";Y;ANOL1727;N
