GSM04798215206,PSUB,000000000,,,,KSSK,88,KON6,"Prisplan endring ihht avtalen, ref. Terje Grieg Amundsen",Y,RVH 27.04.2006
GSM04798215205,PSUB,000000000,,,,KSSK,88,KON6,"Prisplan endring ihht avtalen, ref. Terje Grieg Amundsen",Y,RVH 27.04.2006
GSM04798215224,PSUB,000000000,,,,KSSK,88,KON6,"Prisplan endring ihht avtalen, ref. Terje Grieg Amundsen",Y,RVH 27.04.2006
GSM04798215278,PSGB,000000000,,,,KSSK,88,KON6,"Prisplan endring ihht avtalen, ref. Terje Grieg Amundsen",Y,RVH 27.04.2006
GSM04798215289,PSGB,000000000,,,,KSSK,88,KON6,"Prisplan endring ihht avtalen, ref. Terje Grieg Amundsen",Y,RVH 27.04.2006
GSM04798215165,PSGB,000000000,,,,KSSK,88,KON6,"Prisplan endring ihht avtalen, ref. Terje Grieg Amundsen",Y,RVH 27.04.2006
GSM04793481830,PSGB,000000000,,,,KSSK,88,KON6,"Prisplan endring ihht avtalen, ref. Terje Grieg Amundsen",Y,RVH 27.04.2006
GSM04798215219,PSGB,000000000,,,,KSSK,88,KON6,"Prisplan endring ihht avtalen, ref. Terje Grieg Amundsen",Y,RVH 27.04.2006
GSM04798215290,PSGB,000000000,,,,KSSK,88,KON6,"Prisplan endring ihht avtalen, ref. Terje Grieg Amundsen",Y,RVH 27.04.2006
GSM04793088802,PSGB,000000000,,,,KSSK,88,KON6,"Prisplan endring ihht avtalen, ref. Terje Grieg Amundsen",Y,RVH 27.04.2006
GSM04793088806,PSGB,000000000,,,,KSSK,88,KON6,"Prisplan endring ihht avtalen, ref. Terje Grieg Amundsen",Y,RVH 27.04.2006
GSM04793088822,PSGB,000000000,,,,KSSK,88,KON6,"Prisplan endring ihht avtalen, ref. Terje Grieg Amundsen",Y,RVH 27.04.2006
GSM04793088820,PSGB,000000000,,,,KSSK,88,KON6,"Prisplan endring ihht avtalen, ref. Terje Grieg Amundsen",Y,RVH 27.04.2006
GSM04793088804,PSGB,000000000,,,,KSSK,88,KON6,"Prisplan endring ihht avtalen, ref. Terje Grieg Amundsen",Y,RVH 27.04.2006
GSM04793088821,PSGB,000000000,,,,KSSK,88,KON6,"Prisplan endring ihht avtalen, ref. Terje Grieg Amundsen",Y,RVH 27.04.2006
GSM04793088818,PSGB,000000000,,,,KSSK,88,KON6,"Prisplan endring ihht avtalen, ref. Terje Grieg Amundsen",Y,RVH 27.04.2006
GSM04793088812,PSGB,000000000,,,,KSSK,88,KON6,"Prisplan endring ihht avtalen, ref. Terje Grieg Amundsen",Y,RVH 27.04.2006
GSM04793088875,PSGB,000000000,,,,KSSK,88,KON6,"Prisplan endring ihht avtalen, ref. Terje Grieg Amundsen",Y,RVH 27.04.2006
GSM04793088892,PSGB,000000000,,,,KSSK,88,KON6,"Prisplan endring ihht avtalen, ref. Terje Grieg Amundsen",Y,RVH 27.04.2006
GSM04793481800,PSGB,000000000,,,,KSSK,88,KON6,"Prisplan endring ihht avtalen, ref. Terje Grieg Amundsen",Y,RVH 27.04.2006
GSM04798215236,PSGB,000000000,,,,KSSK,88,KON6,"Prisplan endring ihht avtalen, ref. Terje Grieg Amundsen",Y,RVH 27.04.2006
GSM04798215252,PSGB,000000000,,,,KSSK,88,KON6,"Prisplan endring ihht avtalen, ref. Terje Grieg Amundsen",Y,RVH 27.04.2006
GSM04798215247,PSGB,000000000,,,,KSSK,88,KON6,"Prisplan endring ihht avtalen, ref. Terje Grieg Amundsen",Y,RVH 27.04.2006
GSM04798215248,PSGB,000000000,,,,KSSK,88,KON6,"Prisplan endring ihht avtalen, ref. Terje Grieg Amundsen",Y,RVH 27.04.2006
GSM04798215249,PSGB,000000000,,,,KSSK,88,KON6,"Prisplan endring ihht avtalen, ref. Terje Grieg Amundsen",Y,RVH 27.04.2006
GSM04798215283,PSGB,000000000,,,,KSSK,88,KON6,"Prisplan endring ihht avtalen, ref. Terje Grieg Amundsen",Y,RVH 27.04.2006
GSM04798215170,PSGB,000000000,,,,KSSK,88,KON6,"Prisplan endring ihht avtalen, ref. Terje Grieg Amundsen",Y,RVH 27.04.2006
GSM04793481843,PSGB,000000000,,,,KSSK,88,KON6,"Prisplan endring ihht avtalen, ref. Terje Grieg Amundsen",Y,RVH 27.04.2006
GSM04798215196,PSGB,000000000,,,,KSSK,88,KON6,"Prisplan endring ihht avtalen, ref. Terje Grieg Amundsen",Y,RVH 27.04.2006
GSM04798215194,PSGB,000000000,,,,KSSK,88,KON6,"Prisplan endring ihht avtalen, ref. Terje Grieg Amundsen",Y,RVH 27.04.2006
GSM04798215200,PSGB,000000000,,,,KSSK,88,KON6,"Prisplan endring ihht avtalen, ref. Terje Grieg Amundsen",Y,RVH 27.04.2006
GSM04793481842,PSGB,000000000,,,,KSSK,88,KON6,"Prisplan endring ihht avtalen, ref. Terje Grieg Amundsen",Y,RVH 27.04.2006
GSM04798215295,PSGB,000000000,,,,KSSK,88,KON6,"Prisplan endring ihht avtalen, ref. Terje Grieg Amundsen",Y,RVH 27.04.2006
GSM04798215214,PSGB,000000000,,,,KSSK,88,KON6,"Prisplan endring ihht avtalen, ref. Terje Grieg Amundsen",Y,RVH 27.04.2006
GSM04798215270,PSGB,000000000,,,,KSSK,88,KON6,"Prisplan endring ihht avtalen, ref. Terje Grieg Amundsen",Y,RVH 27.04.2006
GSM04798215233,PSGB,000000000,,,,KSSK,88,KON6,"Prisplan endring ihht avtalen, ref. Terje Grieg Amundsen",Y,RVH 27.04.2006
GSM04793088829,PSGB,000000000,,,,KSSK,88,KON6,"Prisplan endring ihht avtalen, ref. Terje Grieg Amundsen",Y,RVH 27.04.2006
GSM04793088853,PSGB,000000000,,,,KSSK,88,KON6,"Prisplan endring ihht avtalen, ref. Terje Grieg Amundsen",Y,RVH 27.04.2006
GSM04793481837,PSGB,000000000,,,,KSSK,88,KON6,"Prisplan endring ihht avtalen, ref. Terje Grieg Amundsen",Y,RVH 27.04.2006
GSM04798215160,PSGB,000000000,,,,KSSK,88,KON6,"Prisplan endring ihht avtalen, ref. Terje Grieg Amundsen",Y,RVH 27.04.2006
GSM04798215245,PSGB,000000000,,,,KSSK,88,KON6,"Prisplan endring ihht avtalen, ref. Terje Grieg Amundsen",Y,RVH 27.04.2006
GSM04793088855,PSGB,000000000,,,,KSSK,88,KON6,"Prisplan endring ihht avtalen, ref. Terje Grieg Amundsen",Y,RVH 27.04.2006
GSM04798215256,PSGB,000000000,,,,KSSK,88,KON6,"Prisplan endring ihht avtalen, ref. Terje Grieg Amundsen",Y,RVH 27.04.2006
GSM04798215180,PSGB,000000000,,,,KSSK,88,KON6,"Prisplan endring ihht avtalen, ref. Terje Grieg Amundsen",Y,RVH 27.04.2006
GSM04793481855,PSGB,000000000,,,,KSSK,88,KON6,"Prisplan endring ihht avtalen, ref. Terje Grieg Amundsen",Y,RVH 27.04.2006
GSM04798215151,PSGB,000000000,,,,KSSK,88,KON6,"Prisplan endring ihht avtalen, ref. Terje Grieg Amundsen",Y,RVH 27.04.2006
GSM04798215240,PSGB,000000000,,,,KSSK,88,KON6,"Prisplan endring ihht avtalen, ref. Terje Grieg Amundsen",Y,RVH 27.04.2006
GSM04793088815,PSGB,000000000,,,,KSSK,88,KON6,"Prisplan endring ihht avtalen, ref. Terje Grieg Amundsen",Y,RVH 27.04.2006
GSM04793088866,PSGB,000000000,,,,KSSK,88,KON6,"Prisplan endring ihht avtalen, ref. Terje Grieg Amundsen",Y,RVH 27.04.2006
GSM04793088867,PSGB,000000000,,,,KSSK,88,KON6,"Prisplan endring ihht avtalen, ref. Terje Grieg Amundsen",Y,RVH 27.04.2006
GSM04793481802,PSGB,000000000,,,,KSSK,88,KON6,"Prisplan endring ihht avtalen, ref. Terje Grieg Amundsen",Y,RVH 27.04.2006
GSM04793088800,PSGB,000000000,,,,KSSK,88,KON6,"Prisplan endring ihht avtalen, ref. Terje Grieg Amundsen",Y,RVH 27.04.2006
GSM04793088830,PSGB,000000000,,,,KSSK,88,KON6,"Prisplan endring ihht avtalen, ref. Terje Grieg Amundsen",Y,RVH 27.04.2006
GSM04798215172,PSGB,000000000,,,,KSSK,88,KON6,"Prisplan endring ihht avtalen, ref. Terje Grieg Amundsen",Y,RVH 27.04.2006
GSM04798215155,PSGB,000000000,,,,KSSK,88,KON6,"Prisplan endring ihht avtalen, ref. Terje Grieg Amundsen",Y,RVH 27.04.2006
GSM04798215235,PSGB,000000000,,,,KSSK,88,KON6,"Prisplan endring ihht avtalen, ref. Terje Grieg Amundsen",Y,RVH 27.04.2006
GSM04798215171,PSGB,000000000,,,,KSSK,88,KON6,"Prisplan endring ihht avtalen, ref. Terje Grieg Amundsen",Y,RVH 27.04.2006
GSM04793481820,PSGB,000000000,,,,KSSK,88,KON6,"Prisplan endring ihht avtalen, ref. Terje Grieg Amundsen",Y,RVH 27.04.2006
GSM04798215243,PSGB,000000000,,,,KSSK,88,KON6,"Prisplan endring ihht avtalen, ref. Terje Grieg Amundsen",Y,RVH 27.04.2006
GSM04793088870,PSGB,000000000,,,,KSSK,88,KON6,"Prisplan endring ihht avtalen, ref. Terje Grieg Amundsen",Y,RVH 27.04.2006
GSM04793481861,PSGB,000000000,,,,KSSK,88,KON6,"Prisplan endring ihht avtalen, ref. Terje Grieg Amundsen",Y,RVH 27.04.2006
GSM04793088876,PSGB,000000000,,,,KSSK,88,KON6,"Prisplan endring ihht avtalen, ref. Terje Grieg Amundsen",Y,RVH 27.04.2006
GSM04793088835,PSGB,000000000,,,,KSSK,88,KON6,"Prisplan endring ihht avtalen, ref. Terje Grieg Amundsen",Y,RVH 27.04.2006
GSM04798215157,PSGB,000000000,,,,KSSK,88,KON6,"Prisplan endring ihht avtalen, ref. Terje Grieg Amundsen",Y,RVH 27.04.2006
GSM04798215161,PSGB,000000000,,,,KSSK,88,KON6,"Prisplan endring ihht avtalen, ref. Terje Grieg Amundsen",Y,RVH 27.04.2006
GSM04798215244,PSGB,000000000,,,,KSSK,88,KON6,"Prisplan endring ihht avtalen, ref. Terje Grieg Amundsen",Y,RVH 27.04.2006
GSM04798215259,PSGB,000000000,,,,KSSK,88,KON6,"Prisplan endring ihht avtalen, ref. Terje Grieg Amundsen",Y,RVH 27.04.2006
GSM04798215274,PSGB,000000000,,,,KSSK,88,KON6,"Prisplan endring ihht avtalen, ref. Terje Grieg Amundsen",Y,RVH 27.04.2006
GSM04798215238,PSGB,000000000,,,,KSSK,88,KON6,"Prisplan endring ihht avtalen, ref. Terje Grieg Amundsen",Y,RVH 27.04.2006
GSM04798215296,PSGB,000000000,,,,KSSK,88,KON6,"Prisplan endring ihht avtalen, ref. Terje Grieg Amundsen",Y,RVH 27.04.2006
GSM04798215255,PSGB,000000000,,,,KSSK,88,KON6,"Prisplan endring ihht avtalen, ref. Terje Grieg Amundsen",Y,RVH 27.04.2006
GSM04798215203,PSGB,000000000,,,,KSSK,88,KON6,"Prisplan endring ihht avtalen, ref. Terje Grieg Amundsen",Y,RVH 27.04.2006
GSM04798215251,PSGB,000000000,,,,KSSK,88,KON6,"Prisplan endring ihht avtalen, ref. Terje Grieg Amundsen",Y,RVH 27.04.2006
GSM04798215265,PSGB,000000000,,,,KSSK,88,KON6,"Prisplan endring ihht avtalen, ref. Terje Grieg Amundsen",Y,RVH 27.04.2006
GSM04793481825,PSGB,000000000,,,,KSSK,88,KON6,"Prisplan endring ihht avtalen, ref. Terje Grieg Amundsen",Y,RVH 27.04.2006
GSM04793481827,PSGB,000000000,,,,KSSK,88,KON6,"Prisplan endring ihht avtalen, ref. Terje Grieg Amundsen",Y,RVH 27.04.2006
GSM04798215210,PSGB,000000000,,,,KSSK,88,KON6,"Prisplan endring ihht avtalen, ref. Terje Grieg Amundsen",Y,RVH 27.04.2006
GSM04798215234,PSGB,000000000,,,,KSSK,88,KON6,"Prisplan endring ihht avtalen, ref. Terje Grieg Amundsen",Y,RVH 27.04.2006
GSM04793481812,PSGB,000000000,,,,KSSK,88,KON6,"Prisplan endring ihht avtalen, ref. Terje Grieg Amundsen",Y,RVH 27.04.2006
GSM04798215190,PSGB,000000000,,,,KSSK,88,KON6,"Prisplan endring ihht avtalen, ref. Terje Grieg Amundsen",Y,RVH 27.04.2006
GSM04793481887,PSGB,000000000,,,,KSSK,88,KON6,"Prisplan endring ihht avtalen, ref. Terje Grieg Amundsen",Y,RVH 27.04.2006
GSM04793481811,PSGB,000000000,,,,KSSK,88,KON6,"Prisplan endring ihht avtalen, ref. Terje Grieg Amundsen",Y,RVH 27.04.2006
GSM04798215275,PSGB,000000000,,,,KSSK,88,KON6,"Prisplan endring ihht avtalen, ref. Terje Grieg Amundsen",Y,RVH 27.04.2006
GSM04798215187,PSGB,000000000,,,,KSSK,88,KON6,"Prisplan endring ihht avtalen, ref. Terje Grieg Amundsen",Y,RVH 27.04.2006
GSM04798215177,PSGB,000000000,,,,KSSK,88,KON6,"Prisplan endring ihht avtalen, ref. Terje Grieg Amundsen",Y,RVH 27.04.2006
GSM04798215254,PSGB,000000000,,,,KSSK,88,KON6,"Prisplan endring ihht avtalen, ref. Terje Grieg Amundsen",Y,RVH 27.04.2006
GSM04793481886,PSGB,000000000,,,,KSSK,88,KON6,"Prisplan endring ihht avtalen, ref. Terje Grieg Amundsen",Y,RVH 27.04.2006
GSM04798215158,PSGB,000000000,,,,KSSK,88,KON6,"Prisplan endring ihht avtalen, ref. Terje Grieg Amundsen",Y,RVH 27.04.2006
GSM04793481882,PSGB,000000000,,,,KSSK,88,KON6,"Prisplan endring ihht avtalen, ref. Terje Grieg Amundsen",Y,RVH 27.04.2006
GSM04793088840,PSGB,000000000,,,,KSSK,88,KON6,"Prisplan endring ihht avtalen, ref. Terje Grieg Amundsen",Y,RVH 27.04.2006
GSM04798215299,PSGB,000000000,,,,KSSK,88,KON6,"Prisplan endring ihht avtalen, ref. Terje Grieg Amundsen",Y,RVH 27.04.2006
GSM04793481881,PSGB,000000000,,,,KSSK,88,KON6,"Prisplan endring ihht avtalen, ref. Terje Grieg Amundsen",Y,RVH 27.04.2006
GSM04793481824,PSGB,000000000,,,,KSSK,88,KON6,"Prisplan endring ihht avtalen, ref. Terje Grieg Amundsen",Y,RVH 27.04.2006
GSM04793088852,PSGB,000000000,,,,KSSK,88,KON6,"Prisplan endring ihht avtalen, ref. Terje Grieg Amundsen",Y,RVH 27.04.2006
GSM04793088838,PSGB,000000000,,,,KSSK,88,KON6,"Prisplan endring ihht avtalen, ref. Terje Grieg Amundsen",Y,RVH 27.04.2006
GSM04793088871,PSGB,000000000,,,,KSSK,88,KON6,"Prisplan endring ihht avtalen, ref. Terje Grieg Amundsen",Y,RVH 27.04.2006
GSM04793088882,PSGB,000000000,,,,KSSK,88,KON6,"Prisplan endring ihht avtalen, ref. Terje Grieg Amundsen",Y,RVH 27.04.2006
GSM04793088885,PSGB,000000000,,,,KSSK,88,KON6,"Prisplan endring ihht avtalen, ref. Terje Grieg Amundsen",Y,RVH 27.04.2006
GSM04793088884,PSGB,000000000,,,,KSSK,88,KON6,"Prisplan endring ihht avtalen, ref. Terje Grieg Amundsen",Y,RVH 27.04.2006
GSM04793088843,PSGB,000000000,,,,KSSK,88,KON6,"Prisplan endring ihht avtalen, ref. Terje Grieg Amundsen",Y,RVH 27.04.2006
GSM04793088845,PSGB,000000000,,,,KSSK,88,KON6,"Prisplan endring ihht avtalen, ref. Terje Grieg Amundsen",Y,RVH 27.04.2006
GSM04793088839,PSGB,000000000,,,,KSSK,88,KON6,"Prisplan endring ihht avtalen, ref. Terje Grieg Amundsen",Y,RVH 27.04.2006
GSM04793088813,PSGB,000000000,,,,KSSK,88,KON6,"Prisplan endring ihht avtalen, ref. Terje Grieg Amundsen",Y,RVH 27.04.2006
GSM04793088808,PSGB,000000000,,,,KSSK,88,KON6,"Prisplan endring ihht avtalen, ref. Terje Grieg Amundsen",Y,RVH 27.04.2006
GSM04793088809,PSGB,000000000,,,,KSSK,88,KON6,"Prisplan endring ihht avtalen, ref. Terje Grieg Amundsen",Y,RVH 27.04.2006
GSM04793088877,PSGB,000000000,,,,KSSK,88,KON6,"Prisplan endring ihht avtalen, ref. Terje Grieg Amundsen",Y,RVH 27.04.2006
GSM04793088883,PSGB,000000000,,,,KSSK,88,KON6,"Prisplan endring ihht avtalen, ref. Terje Grieg Amundsen",Y,RVH 27.04.2006
GSM04793088846,PSGB,000000000,,,,KSSK,88,KON6,"Prisplan endring ihht avtalen, ref. Terje Grieg Amundsen",Y,RVH 27.04.2006
GSM04793088847,PSGB,000000000,,,,KSSK,88,KON6,"Prisplan endring ihht avtalen, ref. Terje Grieg Amundsen",Y,RVH 27.04.2006
GSM04793088880,PSGB,000000000,,,,KSSK,88,KON6,"Prisplan endring ihht avtalen, ref. Terje Grieg Amundsen",Y,RVH 27.04.2006
GSM04793088881,PSGB,000000000,,,,KSSK,88,KON6,"Prisplan endring ihht avtalen, ref. Terje Grieg Amundsen",Y,RVH 27.04.2006
GSM04793088848,PSGB,000000000,,,,KSSK,88,KON6,"Prisplan endring ihht avtalen, ref. Terje Grieg Amundsen",Y,RVH 27.04.2006
GSM04793088814,PSGB,000000000,,,,KSSK,88,KON6,"Prisplan endring ihht avtalen, ref. Terje Grieg Amundsen",Y,RVH 27.04.2006
GSM04793088850,PSGB,000000000,,,,KSSK,88,KON6,"Prisplan endring ihht avtalen, ref. Terje Grieg Amundsen",Y,RVH 27.04.2006
GSM04793088854,PSGB,000000000,,,,KSSK,88,KON6,"Prisplan endring ihht avtalen, ref. Terje Grieg Amundsen",Y,RVH 27.04.2006
GSM04793088817,PSGB,000000000,,,,KSSK,88,KON6,"Prisplan endring ihht avtalen, ref. Terje Grieg Amundsen",Y,RVH 27.04.2006
GSM04793088896,PSGB,000000000,,,,KSSK,88,KON6,"Prisplan endring ihht avtalen, ref. Terje Grieg Amundsen",Y,RVH 27.04.2006
GSM04798215284,PSGB,000000000,,,,KSSK,88,KON6,"Prisplan endring ihht avtalen, ref. Terje Grieg Amundsen",Y,RVH 27.04.2006
GSM04798215287,PSGB,000000000,,,,KSSK,88,KON6,"Prisplan endring ihht avtalen, ref. Terje Grieg Amundsen",Y,RVH 27.04.2006
GSM04798215225,PSGB,000000000,,,,KSSK,88,KON6,"Prisplan endring ihht avtalen, ref. Terje Grieg Amundsen",Y,RVH 27.04.2006
GSM04798215227,PSGB,000000000,,,,KSSK,88,KON6,"Prisplan endring ihht avtalen, ref. Terje Grieg Amundsen",Y,RVH 27.04.2006
GSM04793481841,PSGB,000000000,,,,KSSK,88,KON6,"Prisplan endring ihht avtalen, ref. Terje Grieg Amundsen",Y,RVH 27.04.2006
GSM04798215212,PSGB,000000000,,,,KSSK,88,KON6,"Prisplan endring ihht avtalen, ref. Terje Grieg Amundsen",Y,RVH 27.04.2006
GSM04798215204,PSGB,000000000,,,,KSSK,88,KON6,"Prisplan endring ihht avtalen, ref. Terje Grieg Amundsen",Y,RVH 27.04.2006
GSM04793481828,PSGB,000000000,,,,KSSK,88,KON6,"Prisplan endring ihht avtalen, ref. Terje Grieg Amundsen",Y,RVH 27.04.2006
GSM04798215242,PSGB,000000000,,,,KSSK,88,KON6,"Prisplan endring ihht avtalen, ref. Terje Grieg Amundsen",Y,RVH 27.04.2006
GSM04793088841,PSGB,000000000,,,,KSSK,88,KON6,"Prisplan endring ihht avtalen, ref. Terje Grieg Amundsen",Y,RVH 27.04.2006
GSM04793088894,PSGB,000000000,,,,KSSK,88,KON6,"Prisplan endring ihht avtalen, ref. Terje Grieg Amundsen",Y,RVH 27.04.2006
GSM04793481893,PSGB,000000000,,,,KSSK,88,KON6,"Prisplan endring ihht avtalen, ref. Terje Grieg Amundsen",Y,RVH 27.04.2006
GSM04798215286,PSGB,000000000,,,,KSSK,88,KON6,"Prisplan endring ihht avtalen, ref. Terje Grieg Amundsen",Y,RVH 27.04.2006
GSM04798215298,PSGB,000000000,,,,KSSK,88,KON6,"Prisplan endring ihht avtalen, ref. Terje Grieg Amundsen",Y,RVH 27.04.2006
GSM04793481862,PSGB,000000000,,,,KSSK,88,KON6,"Prisplan endring ihht avtalen, ref. Terje Grieg Amundsen",Y,RVH 27.04.2006
GSM04793088803,PSGB,000000000,,,,KSSK,88,KON6,"Prisplan endring ihht avtalen, ref. Terje Grieg Amundsen",Y,RVH 27.04.2006
GSM04793088873,PSGB,000000000,,,,KSSK,88,KON6,"Prisplan endring ihht avtalen, ref. Terje Grieg Amundsen",Y,RVH 27.04.2006
GSM04798215226,PSGB,000000000,,,,KSSK,88,KON6,"Prisplan endring ihht avtalen, ref. Terje Grieg Amundsen",Y,RVH 27.04.2006
GSM04798215211,PSGB,000000000,,,,KSSK,88,KON6,"Prisplan endring ihht avtalen, ref. Terje Grieg Amundsen",Y,RVH 27.04.2006
GSM04798215213,PSGB,000000000,,,,KSSK,88,KON6,"Prisplan endring ihht avtalen, ref. Terje Grieg Amundsen",Y,RVH 27.04.2006
GSM04793481896,PSGB,000000000,,,,KSSK,88,KON6,"Prisplan endring ihht avtalen, ref. Terje Grieg Amundsen",Y,RVH 27.04.2006
GSM04798215241,PSGB,000000000,,,,KSSK,88,KON6,"Prisplan endring ihht avtalen, ref. Terje Grieg Amundsen",Y,RVH 27.04.2006
GSM04793481805,PSGB,000000000,,,,KSSK,88,KON6,"Prisplan endring ihht avtalen, ref. Terje Grieg Amundsen",Y,RVH 27.04.2006
GSM04798215269,PSGB,000000000,,,,KSSK,88,KON6,"Prisplan endring ihht avtalen, ref. Terje Grieg Amundsen",Y,RVH 27.04.2006
GSM04793481885,PSGB,000000000,,,,KSSK,88,KON6,"Prisplan endring ihht avtalen, ref. Terje Grieg Amundsen",Y,RVH 27.04.2006
GSM04793088874,PSGB,000000000,,,,KSSK,88,KON6,"Prisplan endring ihht avtalen, ref. Terje Grieg Amundsen",Y,RVH 27.04.2006
GSM04793088872,PSGB,000000000,,,,KSSK,88,KON6,"Prisplan endring ihht avtalen, ref. Terje Grieg Amundsen",Y,RVH 27.04.2006
GSM04793088888,PSGB,000000000,,,,KSSK,88,KON6,"Prisplan endring ihht avtalen, ref. Terje Grieg Amundsen",Y,RVH 27.04.2006
GSM04798215216,PSGB,000000000,,,,KSSK,88,KON6,"Prisplan endring ihht avtalen, ref. Terje Grieg Amundsen",Y,RVH 27.04.2006
GSM04798215282,PSGB,000000000,,,,KSSK,88,KON6,"Prisplan endring ihht avtalen, ref. Terje Grieg Amundsen",Y,RVH 27.04.2006
GSM04798215186,PSGB,000000000,,,,KSSK,88,KON6,"Prisplan endring ihht avtalen, ref. Terje Grieg Amundsen",Y,RVH 27.04.2006
GSM04793481877,PSGB,000000000,,,,KSSK,88,KON6,"Prisplan endring ihht avtalen, ref. Terje Grieg Amundsen",Y,RVH 27.04.2006
GSM04793088898,PSGB,000000000,,,,KSSK,88,KON6,"Prisplan endring ihht avtalen, ref. Terje Grieg Amundsen",Y,RVH 27.04.2006
GSM04798215173,PSGB,000000000,,,,KSSK,88,KON6,"Prisplan endring ihht avtalen, ref. Terje Grieg Amundsen",Y,RVH 27.04.2006
GSM04793088868,PSGB,000000000,,,,KSSK,88,KON6,"Prisplan endring ihht avtalen, ref. Terje Grieg Amundsen",Y,RVH 27.04.2006
GSM04798215272,PSGB,000000000,,,,KSSK,88,KON6,"Prisplan endring ihht avtalen, ref. Terje Grieg Amundsen",Y,RVH 27.04.2006
GSM04793481872,PSGB,000000000,,,,KSSK,88,KON6,"Prisplan endring ihht avtalen, ref. Terje Grieg Amundsen",Y,RVH 27.04.2006
GSM04793481813,PSGB,000000000,,,,KSSK,88,KON6,"Prisplan endring ihht avtalen, ref. Terje Grieg Amundsen",Y,RVH 27.04.2006
GSM04793481874,PSGB,000000000,,,,KSSK,88,KON6,"Prisplan endring ihht avtalen, ref. Terje Grieg Amundsen",Y,RVH 27.04.2006
GSM04798215294,PSGB,000000000,,,,KSSK,88,KON6,"Prisplan endring ihht avtalen, ref. Terje Grieg Amundsen",Y,RVH 27.04.2006
GSM04793481814,PSGB,000000000,,,,KSSK,88,KON6,"Prisplan endring ihht avtalen, ref. Terje Grieg Amundsen",Y,RVH 27.04.2006
GSM04798215207,PSGB,000000000,,,,KSSK,88,KON6,"Prisplan endring ihht avtalen, ref. Terje Grieg Amundsen",Y,RVH 27.04.2006
GSM04798215150,PSGB,000000000,,,,KSSK,88,KON6,"Prisplan endring ihht avtalen, ref. Terje Grieg Amundsen",Y,RVH 27.04.2006
GSM04798215209,PSGB,000000000,,,,KSSK,88,KON6,"Prisplan endring ihht avtalen, ref. Terje Grieg Amundsen",Y,RVH 27.04.2006
GSM04798215288,PSGB,000000000,,,,KSSK,88,KON6,"Prisplan endring ihht avtalen, ref. Terje Grieg Amundsen",Y,RVH 27.04.2006
GSM04793481898,PSGB,000000000,,,,KSSK,88,KON6,"Prisplan endring ihht avtalen, ref. Terje Grieg Amundsen",Y,RVH 27.04.2006
GSM04793481818,PSGB,000000000,,,,KSSK,88,KON6,"Prisplan endring ihht avtalen, ref. Terje Grieg Amundsen",Y,RVH 27.04.2006
GSM04793481819,PSGB,000000000,,,,KSSK,88,KON6,"Prisplan endring ihht avtalen, ref. Terje Grieg Amundsen",Y,RVH 27.04.2006
GSM04793481880,PSGB,000000000,,,,KSSK,88,KON6,"Prisplan endring ihht avtalen, ref. Terje Grieg Amundsen",Y,RVH 27.04.2006
GSM04798215156,PSGB,000000000,,,,KSSK,88,KON6,"Prisplan endring ihht avtalen, ref. Terje Grieg Amundsen",Y,RVH 27.04.2006
GSM04798215208,PSGB,000000000,,,,KSSK,88,KON6,"Prisplan endring ihht avtalen, ref. Terje Grieg Amundsen",Y,RVH 27.04.2006
GSM04798215292,PSGB,000000000,,,,KSSK,88,KON6,"Prisplan endring ihht avtalen, ref. Terje Grieg Amundsen",Y,RVH 27.04.2006
GSM04793088805,PSGB,000000000,,,,KSSK,88,KON6,"Prisplan endring ihht avtalen, ref. Terje Grieg Amundsen",Y,RVH 27.04.2006
GSM04793088863,PSGB,000000000,,,,KSSK,88,KON6,"Prisplan endring ihht avtalen, ref. Terje Grieg Amundsen",Y,RVH 27.04.2006
GSM04793088842,PSGB,000000000,,,,KSSK,88,KON6,"Prisplan endring ihht avtalen, ref. Terje Grieg Amundsen",Y,RVH 27.04.2006
GSM04793088858,PSGB,000000000,,,,KSSK,88,KON6,"Prisplan endring ihht avtalen, ref. Terje Grieg Amundsen",Y,RVH 27.04.2006
GSM04793088861,PSGB,000000000,,,,KSSK,88,KON6,"Prisplan endring ihht avtalen, ref. Terje Grieg Amundsen",Y,RVH 27.04.2006
GSM04793088865,PSGB,000000000,,,,KSSK,88,KON6,"Prisplan endring ihht avtalen, ref. Terje Grieg Amundsen",Y,RVH 27.04.2006
GSM04793088856,PSGB,000000000,,,,KSSK,88,KON6,"Prisplan endring ihht avtalen, ref. Terje Grieg Amundsen",Y,RVH 27.04.2006
GSM04793088859,PSGB,000000000,,,,KSSK,88,KON6,"Prisplan endring ihht avtalen, ref. Terje Grieg Amundsen",Y,RVH 27.04.2006
GSM04793088844,PSGB,000000000,,,,KSSK,88,KON6,"Prisplan endring ihht avtalen, ref. Terje Grieg Amundsen",Y,RVH 27.04.2006
GSM04793088860,PSGB,000000000,,,,KSSK,88,KON6,"Prisplan endring ihht avtalen, ref. Terje Grieg Amundsen",Y,RVH 27.04.2006
GSM04793088864,PSGB,000000000,,,,KSSK,88,KON6,"Prisplan endring ihht avtalen, ref. Terje Grieg Amundsen",Y,RVH 27.04.2006
GSM04793088833,PSGB,000000000,,,,KSSK,88,KON6,"Prisplan endring ihht avtalen, ref. Terje Grieg Amundsen",Y,RVH 27.04.2006
GSM04793481803,PSGB,000000000,,,,KSSK,88,KON6,"Prisplan endring ihht avtalen, ref. Terje Grieg Amundsen",Y,RVH 27.04.2006
GSM04793088831,PSGB,000000000,,,,KSSK,88,KON6,"Prisplan endring ihht avtalen, ref. Terje Grieg Amundsen",Y,RVH 27.04.2006
GSM04793088826,PSGB,000000000,,,,KSSK,88,KON6,"Prisplan endring ihht avtalen, ref. Terje Grieg Amundsen",Y,RVH 27.04.2006
GSM04793088825,PSGB,000000000,,,,KSSK,88,KON6,"Prisplan endring ihht avtalen, ref. Terje Grieg Amundsen",Y,RVH 27.04.2006
GSM04793088857,PSGB,000000000,,,,KSSK,88,KON6,"Prisplan endring ihht avtalen, ref. Terje Grieg Amundsen",Y,RVH 27.04.2006
GSM04793088823,PSGB,000000000,,,,KSSK,88,KON6,"Prisplan endring ihht avtalen, ref. Terje Grieg Amundsen",Y,RVH 27.04.2006
GSM04793088807,PSGB,000000000,,,,KSSK,88,KON6,"Prisplan endring ihht avtalen, ref. Terje Grieg Amundsen",Y,RVH 27.04.2006
GSM04793088801,PSGB,000000000,,,,KSSK,88,KON6,"Prisplan endring ihht avtalen, ref. Terje Grieg Amundsen",Y,RVH 27.04.2006
GSM04793088824,PSGB,000000000,,,,KSSK,88,KON6,"Prisplan endring ihht avtalen, ref. Terje Grieg Amundsen",Y,RVH 27.04.2006
GSM04798215285,PSGB,000000000,,,,KSSK,88,KON6,"Prisplan endring ihht avtalen, ref. Terje Grieg Amundsen",Y,RVH 27.04.2006
GSM04793481839,PSGB,000000000,,,,KSSK,88,KON6,"Prisplan endring ihht avtalen, ref. Terje Grieg Amundsen",Y,RVH 27.04.2006
GSM04798215220,PSGB,000000000,,,,KSSK,88,KON6,"Prisplan endring ihht avtalen, ref. Terje Grieg Amundsen",Y,RVH 27.04.2006
GSM04798215217,PSGB,000000000,,,,KSSK,88,KON6,"Prisplan endring ihht avtalen, ref. Terje Grieg Amundsen",Y,RVH 27.04.2006
GSM04798215218,PSGB,000000000,,,,KSSK,88,KON6,"Prisplan endring ihht avtalen, ref. Terje Grieg Amundsen",Y,RVH 27.04.2006
GSM04798215221,PSGB,000000000,,,,KSSK,88,KON6,"Prisplan endring ihht avtalen, ref. Terje Grieg Amundsen",Y,RVH 27.04.2006
GSM04798215279,PSGB,000000000,,,,KSSK,88,KON6,"Prisplan endring ihht avtalen, ref. Terje Grieg Amundsen",Y,RVH 27.04.2006
GSM04798215215,PSGB,000000000,,,,KSSK,88,KON6,"Prisplan endring ihht avtalen, ref. Terje Grieg Amundsen",Y,RVH 27.04.2006
GSM04793481816,PSGB,000000000,,,,KSSK,88,KON6,"Prisplan endring ihht avtalen, ref. Terje Grieg Amundsen",Y,RVH 27.04.2006
GSM04798215202,PSGB,000000000,,,,KSSK,88,KON6,"Prisplan endring ihht avtalen, ref. Terje Grieg Amundsen",Y,RVH 27.04.2006
GSM04798215201,PSGB,000000000,,,,KSSK,88,KON6,"Prisplan endring ihht avtalen, ref. Terje Grieg Amundsen",Y,RVH 27.04.2006
GSM04798215223,PSGB,000000000,,,,KSSK,88,KON6,"Prisplan endring ihht avtalen, ref. Terje Grieg Amundsen",Y,RVH 27.04.2006
GSM04798215231,PSGB,000000000,,,,KSSK,88,KON6,"Prisplan endring ihht avtalen, ref. Terje Grieg Amundsen",Y,RVH 27.04.2006
GSM04798215222,PSGB,000000000,,,,KSSK,88,KON6,"Prisplan endring ihht avtalen, ref. Terje Grieg Amundsen",Y,RVH 27.04.2006
GSM04793481852,PSGB,000000000,,,,KSSK,88,KON6,"Prisplan endring ihht avtalen, ref. Terje Grieg Amundsen",Y,RVH 27.04.2006
GSM04798215199,PSGB,000000000,,,,KSSK,88,KON6,"Prisplan endring ihht avtalen, ref. Terje Grieg Amundsen",Y,RVH 27.04.2006
GSM04798215198,PSGB,000000000,,,,KSSK,88,KON6,"Prisplan endring ihht avtalen, ref. Terje Grieg Amundsen",Y,RVH 27.04.2006
GSM04798215257,PSGB,000000000,,,,KSSK,88,KON6,"Prisplan endring ihht avtalen, ref. Terje Grieg Amundsen",Y,RVH 27.04.2006
GSM04798215263,PSGB,000000000,,,,KSSK,88,KON6,"Prisplan endring ihht avtalen, ref. Terje Grieg Amundsen",Y,RVH 27.04.2006
GSM04793481851,PSGB,000000000,,,,KSSK,88,KON6,"Prisplan endring ihht avtalen, ref. Terje Grieg Amundsen",Y,RVH 27.04.2006
GSM04798215271,PSGB,000000000,,,,KSSK,88,KON6,"Prisplan endring ihht avtalen, ref. Terje Grieg Amundsen",Y,RVH 27.04.2006
GSM04798215262,PSGB,000000000,,,,KSSK,88,KON6,"Prisplan endring ihht avtalen, ref. Terje Grieg Amundsen",Y,RVH 27.04.2006
