GSM04740289770,VMBED,ADD,V-PERS,PO-PHONE-NUM,45242350,MVO.27.04.2006,Ønsket av forhandler LOG. Joakim Gulbrandsen,V-PERS,PO-TYPE,On
GSM04790975472,VMBED,ADD,V-PERS,PO-PHONE-NUM,45242350,MVO.27.04.2006,Ønsket av forhandler LOG. Joakim Gulbrandsen,V-PERS,PO-TYPE,On
GSM04791160619,VMBED,ADD,V-PERS,PO-PHONE-NUM,45242350,MVO.27.04.2006,Ønsket av forhandler LOG. Joakim Gulbrandsen,V-PERS,PO-TYPE,On
GSM04792268191,VMBED,ADD,V-PERS,PO-PHONE-NUM,45242350,MVO.27.04.2006,Ønsket av forhandler LOG. Joakim Gulbrandsen,V-PERS,PO-TYPE,On
GSM04793636204,VMBED,ADD,V-PERS,PO-PHONE-NUM,45242350,MVO.27.04.2006,Ønsket av forhandler LOG. Joakim Gulbrandsen,V-PERS,PO-TYPE,On
GSM04797498004,VMBED,ADD,V-PERS,PO-PHONE-NUM,45242350,MVO.27.04.2006,Ønsket av forhandler LOG. Joakim Gulbrandsen,V-PERS,PO-TYPE,On
GSM04797540454,VMBED,ADD,V-PERS,PO-PHONE-NUM,45242350,MVO.27.04.2006,Ønsket av forhandler LOG. Joakim Gulbrandsen,V-PERS,PO-TYPE,On
GSM04797670819,VMBED,ADD,V-PERS,PO-PHONE-NUM,45242350,MVO.27.04.2006,Ønsket av forhandler LOG. Joakim Gulbrandsen,V-PERS,PO-TYPE,On
GSM04798256051,VMBED,ADD,V-PERS,PO-PHONE-NUM,45242350,MVO.27.04.2006,Ønsket av forhandler LOG. Joakim Gulbrandsen,V-PERS,PO-TYPE,On
GSM04741225577,VMBED,ADD,V-PERS,PO-PHONE-NUM,45242350,MVO.27.04.2006,Ønsket av forhandler LOG. Joakim Gulbrandsen,V-PERS,PO-TYPE,On
GSM04741460317,VMBED,ADD,V-PERS,PO-PHONE-NUM,45242350,MVO.27.04.2006,Ønsket av forhandler LOG. Joakim Gulbrandsen,V-PERS,PO-TYPE,On
GSM04745255055,VMBED,ADD,V-PERS,PO-PHONE-NUM,45242350,MVO.27.04.2006,Ønsket av forhandler LOG. Joakim Gulbrandsen,V-PERS,PO-TYPE,On
GSM04745452950,VMBED,ADD,V-PERS,PO-PHONE-NUM,45242350,MVO.27.04.2006,Ønsket av forhandler LOG. Joakim Gulbrandsen,V-PERS,PO-TYPE,On
GSM04746400401,VMBED,ADD,V-PERS,PO-PHONE-NUM,45242350,MVO.27.04.2006,Ønsket av forhandler LOG. Joakim Gulbrandsen,V-PERS,PO-TYPE,On
GSM04746400402,VMBED,ADD,V-PERS,PO-PHONE-NUM,45242350,MVO.27.04.2006,Ønsket av forhandler LOG. Joakim Gulbrandsen,V-PERS,PO-TYPE,On
GSM04746400403,VMBED,ADD,V-PERS,PO-PHONE-NUM,45242350,MVO.27.04.2006,Ønsket av forhandler LOG. Joakim Gulbrandsen,V-PERS,PO-TYPE,On
GSM04746400404,VMBED,ADD,V-PERS,PO-PHONE-NUM,45242350,MVO.27.04.2006,Ønsket av forhandler LOG. Joakim Gulbrandsen,V-PERS,PO-TYPE,On
GSM04746400405,VMBED,ADD,V-PERS,PO-PHONE-NUM,45242350,MVO.27.04.2006,Ønsket av forhandler LOG. Joakim Gulbrandsen,V-PERS,PO-TYPE,On
GSM04746400406,VMBED,ADD,V-PERS,PO-PHONE-NUM,45242350,MVO.27.04.2006,Ønsket av forhandler LOG. Joakim Gulbrandsen,V-PERS,PO-TYPE,On
GSM04746400407,VMBED,ADD,V-PERS,PO-PHONE-NUM,45242350,MVO.27.04.2006,Ønsket av forhandler LOG. Joakim Gulbrandsen,V-PERS,PO-TYPE,On
GSM04746400408,VMBED,ADD,V-PERS,PO-PHONE-NUM,45242350,MVO.27.04.2006,Ønsket av forhandler LOG. Joakim Gulbrandsen,V-PERS,PO-TYPE,On
GSM04746400409,VMBED,ADD,V-PERS,PO-PHONE-NUM,45242350,MVO.27.04.2006,Ønsket av forhandler LOG. Joakim Gulbrandsen,V-PERS,PO-TYPE,On
GSM04746400410,VMBED,ADD,V-PERS,PO-PHONE-NUM,45242350,MVO.27.04.2006,Ønsket av forhandler LOG. Joakim Gulbrandsen,V-PERS,PO-TYPE,On
GSM04746400411,VMBED,ADD,V-PERS,PO-PHONE-NUM,45242350,MVO.27.04.2006,Ønsket av forhandler LOG. Joakim Gulbrandsen,V-PERS,PO-TYPE,On
GSM04746400412,VMBED,ADD,V-PERS,PO-PHONE-NUM,45242350,MVO.27.04.2006,Ønsket av forhandler LOG. Joakim Gulbrandsen,V-PERS,PO-TYPE,On
GSM04746400413,VMBED,ADD,V-PERS,PO-PHONE-NUM,45242350,MVO.27.04.2006,Ønsket av forhandler LOG. Joakim Gulbrandsen,V-PERS,PO-TYPE,On
GSM04746400414,VMBED,ADD,V-PERS,PO-PHONE-NUM,45242350,MVO.27.04.2006,Ønsket av forhandler LOG. Joakim Gulbrandsen,V-PERS,PO-TYPE,On
GSM04746400415,VMBED,ADD,V-PERS,PO-PHONE-NUM,45242350,MVO.27.04.2006,Ønsket av forhandler LOG. Joakim Gulbrandsen,V-PERS,PO-TYPE,On
GSM04746400416,VMBED,ADD,V-PERS,PO-PHONE-NUM,45242350,MVO.27.04.2006,Ønsket av forhandler LOG. Joakim Gulbrandsen,V-PERS,PO-TYPE,On
GSM04746400417,VMBED,ADD,V-PERS,PO-PHONE-NUM,45242350,MVO.27.04.2006,Ønsket av forhandler LOG. Joakim Gulbrandsen,V-PERS,PO-TYPE,On
GSM04746400418,VMBED,ADD,V-PERS,PO-PHONE-NUM,45242350,MVO.27.04.2006,Ønsket av forhandler LOG. Joakim Gulbrandsen,V-PERS,PO-TYPE,On
GSM04746400419,VMBED,ADD,V-PERS,PO-PHONE-NUM,45242350,MVO.27.04.2006,Ønsket av forhandler LOG. Joakim Gulbrandsen,V-PERS,PO-TYPE,On
GSM04746400420,VMBED,ADD,V-PERS,PO-PHONE-NUM,45242350,MVO.27.04.2006,Ønsket av forhandler LOG. Joakim Gulbrandsen,V-PERS,PO-TYPE,On
GSM04746400421,VMBED,ADD,V-PERS,PO-PHONE-NUM,45242350,MVO.27.04.2006,Ønsket av forhandler LOG. Joakim Gulbrandsen,V-PERS,PO-TYPE,On
GSM04746400422,VMBED,ADD,V-PERS,PO-PHONE-NUM,45242350,MVO.27.04.2006,Ønsket av forhandler LOG. Joakim Gulbrandsen,V-PERS,PO-TYPE,On
GSM04746400423,VMBED,ADD,V-PERS,PO-PHONE-NUM,45242350,MVO.27.04.2006,Ønsket av forhandler LOG. Joakim Gulbrandsen,V-PERS,PO-TYPE,On
GSM04746400424,VMBED,ADD,V-PERS,PO-PHONE-NUM,45242350,MVO.27.04.2006,Ønsket av forhandler LOG. Joakim Gulbrandsen,V-PERS,PO-TYPE,On
GSM04746400425,VMBED,ADD,V-PERS,PO-PHONE-NUM,45242350,MVO.27.04.2006,Ønsket av forhandler LOG. Joakim Gulbrandsen,V-PERS,PO-TYPE,On
GSM04746400426,VMBED,ADD,V-PERS,PO-PHONE-NUM,45242350,MVO.27.04.2006,Ønsket av forhandler LOG. Joakim Gulbrandsen,V-PERS,PO-TYPE,On
GSM04746400427,VMBED,ADD,V-PERS,PO-PHONE-NUM,45242350,MVO.27.04.2006,Ønsket av forhandler LOG. Joakim Gulbrandsen,V-PERS,PO-TYPE,On
GSM04746400428,VMBED,ADD,V-PERS,PO-PHONE-NUM,45242350,MVO.27.04.2006,Ønsket av forhandler LOG. Joakim Gulbrandsen,V-PERS,PO-TYPE,On
GSM04746400429,VMBED,ADD,V-PERS,PO-PHONE-NUM,45242350,MVO.27.04.2006,Ønsket av forhandler LOG. Joakim Gulbrandsen,V-PERS,PO-TYPE,On
GSM04746400430,VMBED,ADD,V-PERS,PO-PHONE-NUM,45242350,MVO.27.04.2006,Ønsket av forhandler LOG. Joakim Gulbrandsen,V-PERS,PO-TYPE,On
GSM04746400431,VMBED,ADD,V-PERS,PO-PHONE-NUM,45242350,MVO.27.04.2006,Ønsket av forhandler LOG. Joakim Gulbrandsen,V-PERS,PO-TYPE,On
GSM04746400432,VMBED,ADD,V-PERS,PO-PHONE-NUM,45242350,MVO.27.04.2006,Ønsket av forhandler LOG. Joakim Gulbrandsen,V-PERS,PO-TYPE,On
GSM04746400433,VMBED,ADD,V-PERS,PO-PHONE-NUM,45242350,MVO.27.04.2006,Ønsket av forhandler LOG. Joakim Gulbrandsen,V-PERS,PO-TYPE,On
GSM04746400434,VMBED,ADD,V-PERS,PO-PHONE-NUM,45242350,MVO.27.04.2006,Ønsket av forhandler LOG. Joakim Gulbrandsen,V-PERS,PO-TYPE,On
GSM04746400435,VMBED,ADD,V-PERS,PO-PHONE-NUM,45242350,MVO.27.04.2006,Ønsket av forhandler LOG. Joakim Gulbrandsen,V-PERS,PO-TYPE,On
GSM04746400436,VMBED,ADD,V-PERS,PO-PHONE-NUM,45242350,MVO.27.04.2006,Ønsket av forhandler LOG. Joakim Gulbrandsen,V-PERS,PO-TYPE,On
GSM04746400437,VMBED,ADD,V-PERS,PO-PHONE-NUM,45242350,MVO.27.04.2006,Ønsket av forhandler LOG. Joakim Gulbrandsen,V-PERS,PO-TYPE,On
GSM04746400438,VMBED,ADD,V-PERS,PO-PHONE-NUM,45242350,MVO.27.04.2006,Ønsket av forhandler LOG. Joakim Gulbrandsen,V-PERS,PO-TYPE,On
GSM04746400439,VMBED,ADD,V-PERS,PO-PHONE-NUM,45242350,MVO.27.04.2006,Ønsket av forhandler LOG. Joakim Gulbrandsen,V-PERS,PO-TYPE,On
GSM04746400440,VMBED,ADD,V-PERS,PO-PHONE-NUM,45242350,MVO.27.04.2006,Ønsket av forhandler LOG. Joakim Gulbrandsen,V-PERS,PO-TYPE,On
GSM04746400441,VMBED,ADD,V-PERS,PO-PHONE-NUM,45242350,MVO.27.04.2006,Ønsket av forhandler LOG. Joakim Gulbrandsen,V-PERS,PO-TYPE,On
GSM04746400442,VMBED,ADD,V-PERS,PO-PHONE-NUM,45242350,MVO.27.04.2006,Ønsket av forhandler LOG. Joakim Gulbrandsen,V-PERS,PO-TYPE,On
GSM04746400443,VMBED,ADD,V-PERS,PO-PHONE-NUM,45242350,MVO.27.04.2006,Ønsket av forhandler LOG. Joakim Gulbrandsen,V-PERS,PO-TYPE,On
GSM04746400444,VMBED,ADD,V-PERS,PO-PHONE-NUM,45242350,MVO.27.04.2006,Ønsket av forhandler LOG. Joakim Gulbrandsen,V-PERS,PO-TYPE,On
GSM04746400445,VMBED,ADD,V-PERS,PO-PHONE-NUM,45242350,MVO.27.04.2006,Ønsket av forhandler LOG. Joakim Gulbrandsen,V-PERS,PO-TYPE,On
GSM04746400446,VMBED,ADD,V-PERS,PO-PHONE-NUM,45242350,MVO.27.04.2006,Ønsket av forhandler LOG. Joakim Gulbrandsen,V-PERS,PO-TYPE,On
GSM04746400447,VMBED,ADD,V-PERS,PO-PHONE-NUM,45242350,MVO.27.04.2006,Ønsket av forhandler LOG. Joakim Gulbrandsen,V-PERS,PO-TYPE,On
GSM04746400448,VMBED,ADD,V-PERS,PO-PHONE-NUM,45242350,MVO.27.04.2006,Ønsket av forhandler LOG. Joakim Gulbrandsen,V-PERS,PO-TYPE,On
GSM04746400449,VMBED,ADD,V-PERS,PO-PHONE-NUM,45242350,MVO.27.04.2006,Ønsket av forhandler LOG. Joakim Gulbrandsen,V-PERS,PO-TYPE,On
GSM04746400450,VMBED,ADD,V-PERS,PO-PHONE-NUM,45242350,MVO.27.04.2006,Ønsket av forhandler LOG. Joakim Gulbrandsen,V-PERS,PO-TYPE,On
GSM04746400451,VMBED,ADD,V-PERS,PO-PHONE-NUM,45242350,MVO.27.04.2006,Ønsket av forhandler LOG. Joakim Gulbrandsen,V-PERS,PO-TYPE,On
GSM04746400452,VMBED,ADD,V-PERS,PO-PHONE-NUM,45242350,MVO.27.04.2006,Ønsket av forhandler LOG. Joakim Gulbrandsen,V-PERS,PO-TYPE,On
GSM04746400453,VMBED,ADD,V-PERS,PO-PHONE-NUM,45242350,MVO.27.04.2006,Ønsket av forhandler LOG. Joakim Gulbrandsen,V-PERS,PO-TYPE,On
GSM04746400454,VMBED,ADD,V-PERS,PO-PHONE-NUM,45242350,MVO.27.04.2006,Ønsket av forhandler LOG. Joakim Gulbrandsen,V-PERS,PO-TYPE,On
GSM04746400455,VMBED,ADD,V-PERS,PO-PHONE-NUM,45242350,MVO.27.04.2006,Ønsket av forhandler LOG. Joakim Gulbrandsen,V-PERS,PO-TYPE,On
GSM04746400456,VMBED,ADD,V-PERS,PO-PHONE-NUM,45242350,MVO.27.04.2006,Ønsket av forhandler LOG. Joakim Gulbrandsen,V-PERS,PO-TYPE,On
GSM04746400457,VMBED,ADD,V-PERS,PO-PHONE-NUM,45242350,MVO.27.04.2006,Ønsket av forhandler LOG. Joakim Gulbrandsen,V-PERS,PO-TYPE,On
GSM04746400458,VMBED,ADD,V-PERS,PO-PHONE-NUM,45242350,MVO.27.04.2006,Ønsket av forhandler LOG. Joakim Gulbrandsen,V-PERS,PO-TYPE,On
GSM04746400459,VMBED,ADD,V-PERS,PO-PHONE-NUM,45242350,MVO.27.04.2006,Ønsket av forhandler LOG. Joakim Gulbrandsen,V-PERS,PO-TYPE,On
GSM04746400460,VMBED,ADD,V-PERS,PO-PHONE-NUM,45242350,MVO.27.04.2006,Ønsket av forhandler LOG. Joakim Gulbrandsen,V-PERS,PO-TYPE,On
GSM04746400461,VMBED,ADD,V-PERS,PO-PHONE-NUM,45242350,MVO.27.04.2006,Ønsket av forhandler LOG. Joakim Gulbrandsen,V-PERS,PO-TYPE,On
GSM04746400462,VMBED,ADD,V-PERS,PO-PHONE-NUM,45242350,MVO.27.04.2006,Ønsket av forhandler LOG. Joakim Gulbrandsen,V-PERS,PO-TYPE,On
GSM04746400463,VMBED,ADD,V-PERS,PO-PHONE-NUM,45242350,MVO.27.04.2006,Ønsket av forhandler LOG. Joakim Gulbrandsen,V-PERS,PO-TYPE,On
GSM04746400464,VMBED,ADD,V-PERS,PO-PHONE-NUM,45242350,MVO.27.04.2006,Ønsket av forhandler LOG. Joakim Gulbrandsen,V-PERS,PO-TYPE,On
GSM04746400465,VMBED,ADD,V-PERS,PO-PHONE-NUM,45242350,MVO.27.04.2006,Ønsket av forhandler LOG. Joakim Gulbrandsen,V-PERS,PO-TYPE,On
GSM04746400466,VMBED,ADD,V-PERS,PO-PHONE-NUM,45242350,MVO.27.04.2006,Ønsket av forhandler LOG. Joakim Gulbrandsen,V-PERS,PO-TYPE,On
GSM04746400467,VMBED,ADD,V-PERS,PO-PHONE-NUM,45242350,MVO.27.04.2006,Ønsket av forhandler LOG. Joakim Gulbrandsen,V-PERS,PO-TYPE,On
GSM04746400468,VMBED,ADD,V-PERS,PO-PHONE-NUM,45242350,MVO.27.04.2006,Ønsket av forhandler LOG. Joakim Gulbrandsen,V-PERS,PO-TYPE,On
GSM04746400469,VMBED,ADD,V-PERS,PO-PHONE-NUM,45242350,MVO.27.04.2006,Ønsket av forhandler LOG. Joakim Gulbrandsen,V-PERS,PO-TYPE,On
GSM04746400470,VMBED,ADD,V-PERS,PO-PHONE-NUM,45242350,MVO.27.04.2006,Ønsket av forhandler LOG. Joakim Gulbrandsen,V-PERS,PO-TYPE,On
GSM04746400471,VMBED,ADD,V-PERS,PO-PHONE-NUM,45242350,MVO.27.04.2006,Ønsket av forhandler LOG. Joakim Gulbrandsen,V-PERS,PO-TYPE,On
GSM04746400472,VMBED,ADD,V-PERS,PO-PHONE-NUM,45242350,MVO.27.04.2006,Ønsket av forhandler LOG. Joakim Gulbrandsen,V-PERS,PO-TYPE,On
GSM04746400473,VMBED,ADD,V-PERS,PO-PHONE-NUM,45242350,MVO.27.04.2006,Ønsket av forhandler LOG. Joakim Gulbrandsen,V-PERS,PO-TYPE,On
GSM04746400474,VMBED,ADD,V-PERS,PO-PHONE-NUM,45242350,MVO.27.04.2006,Ønsket av forhandler LOG. Joakim Gulbrandsen,V-PERS,PO-TYPE,On
GSM04746400475,VMBED,ADD,V-PERS,PO-PHONE-NUM,45242350,MVO.27.04.2006,Ønsket av forhandler LOG. Joakim Gulbrandsen,V-PERS,PO-TYPE,On
GSM04746400476,VMBED,ADD,V-PERS,PO-PHONE-NUM,45242350,MVO.27.04.2006,Ønsket av forhandler LOG. Joakim Gulbrandsen,V-PERS,PO-TYPE,On
GSM04746400477,VMBED,ADD,V-PERS,PO-PHONE-NUM,45242350,MVO.27.04.2006,Ønsket av forhandler LOG. Joakim Gulbrandsen,V-PERS,PO-TYPE,On
GSM04746400478,VMBED,ADD,V-PERS,PO-PHONE-NUM,45242350,MVO.27.04.2006,Ønsket av forhandler LOG. Joakim Gulbrandsen,V-PERS,PO-TYPE,On
GSM04746400490,VMBED,ADD,V-PERS,PO-PHONE-NUM,45242350,MVO.27.04.2006,Ønsket av forhandler LOG. Joakim Gulbrandsen,V-PERS,PO-TYPE,On
GSM04746400491,VMBED,ADD,V-PERS,PO-PHONE-NUM,45242350,MVO.27.04.2006,Ønsket av forhandler LOG. Joakim Gulbrandsen,V-PERS,PO-TYPE,On
GSM04746400492,VMBED,ADD,V-PERS,PO-PHONE-NUM,45242350,MVO.27.04.2006,Ønsket av forhandler LOG. Joakim Gulbrandsen,V-PERS,PO-TYPE,On
GSM04746400493,VMBED,ADD,V-PERS,PO-PHONE-NUM,45242350,MVO.27.04.2006,Ønsket av forhandler LOG. Joakim Gulbrandsen,V-PERS,PO-TYPE,On
GSM04746400494,VMBED,ADD,V-PERS,PO-PHONE-NUM,45242350,MVO.27.04.2006,Ønsket av forhandler LOG. Joakim Gulbrandsen,V-PERS,PO-TYPE,On
GSM04747010488,VMBED,ADD,V-PERS,PO-PHONE-NUM,45242350,MVO.27.04.2006,Ønsket av forhandler LOG. Joakim Gulbrandsen,V-PERS,PO-TYPE,On
GSM04747318166,VMBED,ADD,V-PERS,PO-PHONE-NUM,45242350,MVO.27.04.2006,Ønsket av forhandler LOG. Joakim Gulbrandsen,V-PERS,PO-TYPE,On
GSM04748092669,VMBED,ADD,V-PERS,PO-PHONE-NUM,45242350,MVO.27.04.2006,Ønsket av forhandler LOG. Joakim Gulbrandsen,V-PERS,PO-TYPE,On
GSM04748254924,VMBED,ADD,V-PERS,PO-PHONE-NUM,45242350,MVO.27.04.2006,Ønsket av forhandler LOG. Joakim Gulbrandsen,V-PERS,PO-TYPE,On
GSM04790113398,VMBED,ADD,V-PERS,PO-PHONE-NUM,45242350,MVO.27.04.2006,Ønsket av forhandler LOG. Joakim Gulbrandsen,V-PERS,PO-TYPE,On
GSM04790516511,VMBED,ADD,V-PERS,PO-PHONE-NUM,45242350,MVO.27.04.2006,Ønsket av forhandler LOG. Joakim Gulbrandsen,V-PERS,PO-TYPE,On
GSM04790766000,VMBED,ADD,V-PERS,PO-PHONE-NUM,45242350,MVO.27.04.2006,Ønsket av forhandler LOG. Joakim Gulbrandsen,V-PERS,PO-TYPE,On
GSM04790788054,VMBED,ADD,V-PERS,PO-PHONE-NUM,45242350,MVO.27.04.2006,Ønsket av forhandler LOG. Joakim Gulbrandsen,V-PERS,PO-TYPE,On
GSM04790825491,VMBED,ADD,V-PERS,PO-PHONE-NUM,45242350,MVO.27.04.2006,Ønsket av forhandler LOG. Joakim Gulbrandsen,V-PERS,PO-TYPE,On
GSM04790925751,VMBED,ADD,V-PERS,PO-PHONE-NUM,45242350,MVO.27.04.2006,Ønsket av forhandler LOG. Joakim Gulbrandsen,V-PERS,PO-TYPE,On
GSM04791100050,VMBED,ADD,V-PERS,PO-PHONE-NUM,45242350,MVO.27.04.2006,Ønsket av forhandler LOG. Joakim Gulbrandsen,V-PERS,PO-TYPE,On
GSM04791135180,VMBED,ADD,V-PERS,PO-PHONE-NUM,45242350,MVO.27.04.2006,Ønsket av forhandler LOG. Joakim Gulbrandsen,V-PERS,PO-TYPE,On
GSM04791176045,VMBED,ADD,V-PERS,PO-PHONE-NUM,45242350,MVO.27.04.2006,Ønsket av forhandler LOG. Joakim Gulbrandsen,V-PERS,PO-TYPE,On
GSM04791591613,VMBED,ADD,V-PERS,PO-PHONE-NUM,45242350,MVO.27.04.2006,Ønsket av forhandler LOG. Joakim Gulbrandsen,V-PERS,PO-TYPE,On
GSM04791649828,VMBED,ADD,V-PERS,PO-PHONE-NUM,45242350,MVO.27.04.2006,Ønsket av forhandler LOG. Joakim Gulbrandsen,V-PERS,PO-TYPE,On
GSM04792093148,VMBED,ADD,V-PERS,PO-PHONE-NUM,45242350,MVO.27.04.2006,Ønsket av forhandler LOG. Joakim Gulbrandsen,V-PERS,PO-TYPE,On
GSM04792292963,VMBED,ADD,V-PERS,PO-PHONE-NUM,45242350,MVO.27.04.2006,Ønsket av forhandler LOG. Joakim Gulbrandsen,V-PERS,PO-TYPE,On
GSM04792416490,VMBED,ADD,V-PERS,PO-PHONE-NUM,45242350,MVO.27.04.2006,Ønsket av forhandler LOG. Joakim Gulbrandsen,V-PERS,PO-TYPE,On
GSM04792822638,VMBED,ADD,V-PERS,PO-PHONE-NUM,45242350,MVO.27.04.2006,Ønsket av forhandler LOG. Joakim Gulbrandsen,V-PERS,PO-TYPE,On
GSM04792832282,VMBED,ADD,V-PERS,PO-PHONE-NUM,45242350,MVO.27.04.2006,Ønsket av forhandler LOG. Joakim Gulbrandsen,V-PERS,PO-TYPE,On
GSM04792856174,VMBED,ADD,V-PERS,PO-PHONE-NUM,45242350,MVO.27.04.2006,Ønsket av forhandler LOG. Joakim Gulbrandsen,V-PERS,PO-TYPE,On
GSM04792867976,VMBED,ADD,V-PERS,PO-PHONE-NUM,45242350,MVO.27.04.2006,Ønsket av forhandler LOG. Joakim Gulbrandsen,V-PERS,PO-TYPE,On
GSM04793059061,VMBED,ADD,V-PERS,PO-PHONE-NUM,45242350,MVO.27.04.2006,Ønsket av forhandler LOG. Joakim Gulbrandsen,V-PERS,PO-TYPE,On
GSM04793292895,VMBED,ADD,V-PERS,PO-PHONE-NUM,45242350,MVO.27.04.2006,Ønsket av forhandler LOG. Joakim Gulbrandsen,V-PERS,PO-TYPE,On
GSM04795117203,VMBED,ADD,V-PERS,PO-PHONE-NUM,45242350,MVO.27.04.2006,Ønsket av forhandler LOG. Joakim Gulbrandsen,V-PERS,PO-TYPE,On
GSM04795204704,VMBED,ADD,V-PERS,PO-PHONE-NUM,45242350,MVO.27.04.2006,Ønsket av forhandler LOG. Joakim Gulbrandsen,V-PERS,PO-TYPE,On
GSM04795254543,VMBED,ADD,V-PERS,PO-PHONE-NUM,45242350,MVO.27.04.2006,Ønsket av forhandler LOG. Joakim Gulbrandsen,V-PERS,PO-TYPE,On
GSM04795980589,VMBED,ADD,V-PERS,PO-PHONE-NUM,45242350,MVO.27.04.2006,Ønsket av forhandler LOG. Joakim Gulbrandsen,V-PERS,PO-TYPE,On
GSM04797028541,VMBED,ADD,V-PERS,PO-PHONE-NUM,45242350,MVO.27.04.2006,Ønsket av forhandler LOG. Joakim Gulbrandsen,V-PERS,PO-TYPE,On
GSM04797480907,VMBED,ADD,V-PERS,PO-PHONE-NUM,45242350,MVO.27.04.2006,Ønsket av forhandler LOG. Joakim Gulbrandsen,V-PERS,PO-TYPE,On
GSM04797518144,VMBED,ADD,V-PERS,PO-PHONE-NUM,45242350,MVO.27.04.2006,Ønsket av forhandler LOG. Joakim Gulbrandsen,V-PERS,PO-TYPE,On
GSM04797527292,VMBED,ADD,V-PERS,PO-PHONE-NUM,45242350,MVO.27.04.2006,Ønsket av forhandler LOG. Joakim Gulbrandsen,V-PERS,PO-TYPE,On
GSM04797577292,VMBED,ADD,V-PERS,PO-PHONE-NUM,45242350,MVO.27.04.2006,Ønsket av forhandler LOG. Joakim Gulbrandsen,V-PERS,PO-TYPE,On
GSM04798637548,VMBED,ADD,V-PERS,PO-PHONE-NUM,45242350,MVO.27.04.2006,Ønsket av forhandler LOG. Joakim Gulbrandsen,V-PERS,PO-TYPE,On
GSM04799038241,VMBED,ADD,V-PERS,PO-PHONE-NUM,45242350,MVO.27.04.2006,Ønsket av forhandler LOG. Joakim Gulbrandsen,V-PERS,PO-TYPE,On
GSM04799478597,VMBED,ADD,V-PERS,PO-PHONE-NUM,45242350,MVO.27.04.2006,Ønsket av forhandler LOG. Joakim Gulbrandsen,V-PERS,PO-TYPE,On
GSM04799504376,VMBED,ADD,V-PERS,PO-PHONE-NUM,45242350,MVO.27.04.2006,Ønsket av forhandler LOG. Joakim Gulbrandsen,V-PERS,PO-TYPE,On
GSM04799523012,VMBED,ADD,V-PERS,PO-PHONE-NUM,45242350,MVO.27.04.2006,Ønsket av forhandler LOG. Joakim Gulbrandsen,V-PERS,PO-TYPE,On
